event_id,role_id,candidate_id,source,stage,event_age_days,profile_complete_pct,duplicate_candidate_flag,missing_rate_flag,location_mismatch_flag,skill_taxonomy_gap_flag,estimated_margin_value
EVT00001,REQ001,CAND00001,LinkedIn,qualified,40,0.87,0,0,0,0,11247
EVT00002,REQ001,CAND00002,Job board,applied,24,0.72,0,0,0,0,11155
EVT00003,REQ001,CAND00003,Job board,applied,21,0.93,0,0,0,0,9315
EVT00004,REQ001,CAND00004,Referral,applied,23,0.98,0,0,0,0,6693
EVT00005,REQ001,CAND00005,LinkedIn,screened,47,0.69,0,0,0,0,6210
EVT00006,REQ001,CAND00006,Referral,qualified,60,0.95,1,0,0,0,8648
EVT00007,REQ001,CAND00007,Talent pool,applied,25,0.72,0,0,0,0,9453
EVT00008,REQ001,CAND00008,Community event,interview,42,0.85,0,0,0,1,4830
EVT00009,REQ001,CAND00009,Referral,qualified,20,0.79,0,0,0,0,11730
EVT00010,REQ001,CAND00010,LinkedIn,submitted,0,0.6,0,0,0,0,5106
EVT00011,REQ001,CAND00011,Community event,submitted,0,0.84,0,0,0,1,5681
EVT00012,REQ001,CAND00012,Recruiter outreach,applied,8,0.93,0,1,0,0,6256
EVT00013,REQ001,CAND00013,Job board,offer,17,0.72,0,0,0,0,8510
EVT00014,REQ001,CAND00014,LinkedIn,qualified,16,0.67,0,0,0,0,3013
EVT00015,REQ001,CAND00015,LinkedIn,screened,32,0.9,0,0,1,0,10097
EVT00016,REQ001,CAND00016,Community event,applied,53,0.77,0,0,1,0,4209
EVT00017,REQ001,CAND00017,Job board,screened,12,0.86,0,0,0,0,5934
EVT00018,REQ001,CAND00018,Talent pool,screened,36,0.63,0,0,0,0,4002
EVT00019,REQ001,CAND00019,Job board,qualified,52,0.7,0,0,0,0,3220
EVT00020,REQ001,CAND00020,Recruiter outreach,screened,11,0.96,0,0,0,1,9499
EVT00021,REQ001,CAND00021,LinkedIn,screened,32,0.85,0,0,0,0,8119
EVT00022,REQ001,CAND00022,LinkedIn,placed,37,0.73,0,1,0,1,10718
EVT00023,REQ001,CAND00023,Talent pool,qualified,21,0.72,0,0,1,0,7912
EVT00024,REQ001,CAND00024,LinkedIn,offer,51,0.98,0,0,0,0,5957
EVT00025,REQ001,CAND00025,Talent pool,submitted,16,0.87,0,0,0,0,3450
EVT00026,REQ001,CAND00026,Recruiter outreach,placed,56,0.66,0,0,0,0,7222
EVT00027,REQ001,CAND00027,Job board,submitted,61,0.97,0,0,0,0,4071
EVT00028,REQ001,CAND00028,Job board,interview,67,0.9,0,0,1,0,9545
EVT00029,REQ002,CAND00029,Community event,screened,6,0.76,0,0,0,0,20664
EVT00030,REQ002,CAND00030,LinkedIn,applied,3,0.58,0,0,0,0,8400
EVT00031,REQ002,CAND00031,Job board,qualified,21,0.99,0,0,0,0,6090
EVT00032,REQ002,CAND00032,Job board,qualified,28,0.62,0,0,0,0,15750
EVT00033,REQ002,CAND00033,Referral,qualified,35,0.81,0,0,0,0,6972
EVT00034,REQ002,CAND00034,Community event,submitted,29,0.98,0,0,0,0,12852
EVT00035,REQ002,CAND00035,Recruiter outreach,submitted,23,0.88,0,0,0,0,7476
EVT00036,REQ002,CAND00036,Talent pool,applied,35,0.8,1,0,0,0,20118
EVT00037,REQ002,CAND00037,Recruiter outreach,applied,16,0.84,0,0,0,0,9072
EVT00038,REQ002,CAND00038,Recruiter outreach,applied,26,0.6,0,0,0,0,18648
EVT00039,REQ002,CAND00039,Job board,submitted,8,0.98,0,0,0,0,5124
EVT00040,REQ002,CAND00040,Referral,qualified,11,0.87,0,0,0,0,8736
EVT00041,REQ002,CAND00041,LinkedIn,submitted,24,0.76,0,0,0,0,18102
EVT00042,REQ002,CAND00042,Talent pool,interview,8,0.64,0,0,0,0,17976
EVT00043,REQ002,CAND00043,Talent pool,screened,35,0.85,0,0,0,0,9324
EVT00044,REQ002,CAND00044,Talent pool,applied,11,0.79,0,0,0,0,19950
EVT00045,REQ002,CAND00045,Talent pool,screened,26,0.86,0,0,0,0,16506
EVT00046,REQ002,CAND00046,Recruiter outreach,applied,3,0.66,0,0,1,0,21168
EVT00047,REQ002,CAND00047,Community event,submitted,13,0.9,0,0,0,0,5712
EVT00048,REQ002,CAND00048,Job board,qualified,35,0.74,0,0,0,0,16002
EVT00049,REQ002,CAND00049,Talent pool,submitted,20,0.99,0,0,0,0,6174
EVT00050,REQ002,CAND00050,LinkedIn,applied,23,0.9,0,0,0,0,16758
EVT00051,REQ002,CAND00051,LinkedIn,submitted,4,0.66,0,0,0,0,8736
EVT00052,REQ002,CAND00052,Referral,submitted,16,0.58,1,0,0,0,15036
EVT00053,REQ002,CAND00053,LinkedIn,screened,19,0.79,0,0,0,0,17346
EVT00054,REQ002,CAND00054,Referral,screened,32,0.65,0,0,0,0,16716
EVT00055,REQ002,CAND00055,Referral,qualified,13,0.98,0,0,0,0,18312
EVT00056,REQ002,CAND00056,Community event,qualified,28,0.68,0,0,1,0,18816
EVT00057,REQ002,CAND00057,Job board,screened,7,0.74,0,0,0,0,16632
EVT00058,REQ002,CAND00058,Referral,submitted,31,0.6,0,0,0,0,19026
EVT00059,REQ002,CAND00059,Job board,applied,0,0.84,0,0,0,0,9534
EVT00060,REQ002,CAND00060,Talent pool,screened,27,0.85,0,0,0,0,6552
EVT00061,REQ002,CAND00061,LinkedIn,submitted,16,0.81,0,0,0,1,17388
EVT00062,REQ002,CAND00062,Recruiter outreach,submitted,24,0.86,0,0,0,0,16506
EVT00063,REQ002,CAND00063,Talent pool,applied,22,0.97,0,0,0,0,7308
EVT00064,REQ002,CAND00064,Talent pool,applied,1,0.78,0,0,0,0,16506
EVT00065,REQ002,CAND00065,Talent pool,applied,19,0.86,0,0,0,0,20706
EVT00066,REQ002,CAND00066,Community event,screened,25,0.81,1,0,0,1,6846
EVT00067,REQ002,CAND00067,Talent pool,qualified,32,0.64,0,0,0,0,8988
EVT00068,REQ002,CAND00068,Recruiter outreach,applied,35,0.77,0,0,0,0,16842
EVT00069,REQ002,CAND00069,Talent pool,applied,22,0.63,0,0,0,0,19110
EVT00070,REQ002,CAND00070,LinkedIn,applied,19,0.87,0,0,0,0,8316
EVT00071,REQ002,CAND00071,LinkedIn,screened,14,0.88,0,0,1,0,18816
EVT00072,REQ002,CAND00072,Recruiter outreach,qualified,22,0.91,0,0,0,0,15498
EVT00073,REQ002,CAND00073,LinkedIn,screened,34,0.66,0,0,0,0,20790
EVT00074,REQ002,CAND00074,Referral,interview,25,0.9,0,1,0,1,9576
EVT00075,REQ002,CAND00075,Job board,interview,23,0.74,0,0,0,0,21630
EVT00076,REQ003,CAND00076,LinkedIn,submitted,30,0.94,0,0,0,0,12586
EVT00077,REQ003,CAND00077,Talent pool,screened,18,0.89,0,0,0,0,10643
EVT00078,REQ003,CAND00078,Referral,offer,26,0.8,0,0,0,0,8816
EVT00079,REQ003,CAND00079,Recruiter outreach,qualified,35,0.93,0,1,0,0,7366
EVT00080,REQ003,CAND00080,Job board,screened,9,0.8,0,0,0,0,9048
EVT00081,REQ003,CAND00081,LinkedIn,placed,0,0.79,0,0,0,0,5539
EVT00082,REQ003,CAND00082,LinkedIn,qualified,15,0.86,0,0,0,0,9628
EVT00083,REQ003,CAND00083,Talent pool,submitted,52,0.59,0,0,0,0,4118
EVT00084,REQ003,CAND00084,Job board,applied,21,0.69,0,0,0,0,6148
EVT00085,REQ003,CAND00085,Job board,qualified,36,0.98,0,0,0,0,6670
EVT00086,REQ003,CAND00086,Community event,qualified,23,0.84,0,0,0,0,11049
EVT00087,REQ003,CAND00087,Talent pool,applied,49,0.64,0,0,0,0,3712
EVT00088,REQ003,CAND00088,Recruiter outreach,applied,60,0.96,0,0,0,1,12383
EVT00089,REQ003,CAND00089,Talent pool,applied,0,0.96,0,0,0,0,14964
EVT00090,REQ003,CAND00090,Job board,screened,61,0.91,0,0,0,0,9135
EVT00091,REQ003,CAND00091,Recruiter outreach,qualified,32,0.78,0,0,0,0,6931
EVT00092,REQ003,CAND00092,Referral,interview,0,0.82,0,0,0,1,5220
EVT00093,REQ003,CAND00093,LinkedIn,qualified,54,0.85,0,0,0,0,7221
EVT00094,REQ003,CAND00094,Job board,applied,26,0.75,0,0,0,0,11745
EVT00095,REQ003,CAND00095,LinkedIn,qualified,50,0.89,0,0,0,0,13253
EVT00096,REQ003,CAND00096,LinkedIn,applied,43,0.92,0,0,1,0,12586
EVT00097,REQ003,CAND00097,Talent pool,screened,18,0.78,0,0,1,1,12383
EVT00098,REQ003,CAND00098,Referral,qualified,51,0.84,0,0,1,0,11194
EVT00099,REQ003,CAND00099,Community event,applied,1,0.66,0,0,0,0,13224
EVT00100,REQ003,CAND00100,Job board,offer,21,0.86,0,0,0,0,8816
EVT00101,REQ003,CAND00101,Referral,applied,50,0.75,0,0,0,0,6438
EVT00102,REQ003,CAND00102,Talent pool,qualified,44,0.73,0,0,0,0,7569
EVT00103,REQ003,CAND00103,Community event,applied,13,0.81,0,0,1,0,10933
EVT00104,REQ003,CAND00104,Recruiter outreach,applied,32,0.87,0,0,0,0,9077
EVT00105,REQ003,CAND00105,Talent pool,screened,3,0.78,0,0,0,0,7308
EVT00106,REQ003,CAND00106,Talent pool,applied,45,0.8,0,0,0,0,3596
EVT00107,REQ003,CAND00107,LinkedIn,screened,22,0.78,0,0,0,0,8729
EVT00108,REQ003,CAND00108,Job board,applied,25,0.68,0,0,0,0,7047
EVT00109,REQ003,CAND00109,LinkedIn,interview,13,0.63,0,0,0,0,4640
EVT00110,REQ003,CAND00110,Talent pool,screened,61,0.74,0,0,0,1,8149
EVT00111,REQ003,CAND00111,Community event,qualified,35,0.75,0,0,0,0,14616
EVT00112,REQ003,CAND00112,Referral,screened,50,0.94,0,0,0,0,14993
EVT00113,REQ003,CAND00113,Community event,applied,26,0.74,0,0,0,1,4959
EVT00114,REQ003,CAND00114,Job board,qualified,43,0.73,0,0,0,0,10875
EVT00115,REQ003,CAND00115,Job board,qualified,16,0.99,0,0,0,0,13659
EVT00116,REQ003,CAND00116,Referral,applied,18,0.92,0,0,0,0,14442
EVT00117,REQ003,CAND00117,Recruiter outreach,applied,40,0.91,0,0,0,0,7917
EVT00118,REQ004,CAND00118,Job board,screened,30,0.93,0,0,0,0,4732
EVT00119,REQ004,CAND00119,LinkedIn,qualified,1,0.75,0,0,0,0,8372
EVT00120,REQ004,CAND00120,Community event,interview,18,0.73,0,0,0,0,12992
EVT00121,REQ004,CAND00121,Talent pool,qualified,9,0.94,0,1,0,0,12516
EVT00122,REQ004,CAND00122,LinkedIn,submitted,10,0.72,0,0,0,1,7840
EVT00123,REQ004,CAND00123,LinkedIn,qualified,23,0.89,0,0,0,0,10808
EVT00124,REQ004,CAND00124,Job board,offer,5,0.67,0,1,0,0,9044
EVT00125,REQ004,CAND00125,Referral,applied,5,0.62,0,0,1,0,12208
EVT00126,REQ004,CAND00126,Talent pool,applied,8,0.64,0,0,0,0,5796
EVT00127,REQ004,CAND00127,Talent pool,applied,34,0.97,0,0,0,0,11200
EVT00128,REQ004,CAND00128,Community event,qualified,36,0.76,0,0,0,0,12516
EVT00129,REQ004,CAND00129,LinkedIn,screened,23,0.75,0,0,0,0,5572
EVT00130,REQ004,CAND00130,Referral,qualified,0,0.87,0,0,0,0,10388
EVT00131,REQ004,CAND00131,Job board,offer,0,0.81,1,0,0,0,6048
EVT00132,REQ004,CAND00132,Job board,qualified,24,0.67,0,0,0,0,4480
EVT00133,REQ004,CAND00133,LinkedIn,qualified,18,0.85,0,0,0,0,10976
EVT00134,REQ004,CAND00134,Job board,submitted,28,0.69,0,0,0,0,12264
EVT00135,REQ004,CAND00135,LinkedIn,qualified,18,0.69,0,0,1,0,13608
EVT00136,REQ004,CAND00136,Referral,qualified,31,1.0,0,1,0,0,9996
EVT00137,REQ004,CAND00137,Referral,screened,25,0.61,0,0,0,0,10080
EVT00138,REQ004,CAND00138,Recruiter outreach,applied,15,0.74,0,0,1,0,9688
EVT00139,REQ004,CAND00139,Community event,applied,13,0.78,0,0,0,0,13104
EVT00140,REQ004,CAND00140,Recruiter outreach,offer,7,0.69,0,0,0,0,12488
EVT00141,REQ004,CAND00141,LinkedIn,applied,27,0.72,1,0,0,0,5740
EVT00142,REQ004,CAND00142,Job board,submitted,30,0.87,0,0,0,0,5572
EVT00143,REQ004,CAND00143,Referral,qualified,3,0.61,0,1,0,0,12600
EVT00144,REQ004,CAND00144,Job board,applied,22,0.92,0,0,0,0,9632
EVT00145,REQ004,CAND00145,Referral,submitted,28,0.81,0,0,0,1,11116
EVT00146,REQ004,CAND00146,LinkedIn,screened,35,0.65,0,0,0,0,10948
EVT00147,REQ004,CAND00147,LinkedIn,applied,24,0.89,0,0,1,0,3612
EVT00148,REQ004,CAND00148,LinkedIn,screened,24,0.66,0,0,0,0,13132
EVT00149,REQ004,CAND00149,Job board,qualified,33,0.86,0,0,0,0,3976
EVT00150,REQ005,CAND00150,LinkedIn,offer,24,0.86,1,1,0,1,10503
EVT00151,REQ005,CAND00151,Job board,screened,13,0.86,1,0,0,1,4320
EVT00152,REQ005,CAND00152,Talent pool,qualified,3,0.93,0,0,0,0,6912
EVT00153,REQ005,CAND00153,Talent pool,qualified,6,0.88,0,1,0,0,10584
EVT00154,REQ005,CAND00154,LinkedIn,qualified,35,0.75,0,0,0,0,4698
EVT00155,REQ005,CAND00155,Job board,submitted,11,0.81,0,0,0,0,10206
EVT00156,REQ005,CAND00156,LinkedIn,qualified,20,0.93,0,0,0,0,8937
EVT00157,REQ005,CAND00157,Job board,submitted,35,0.97,0,0,0,0,6750
EVT00158,REQ005,CAND00158,Job board,qualified,1,0.8,0,1,1,0,7398
EVT00159,REQ005,CAND00159,Community event,applied,17,0.97,0,0,0,0,10287
EVT00160,REQ005,CAND00160,Recruiter outreach,screened,23,0.95,0,1,0,0,6669
EVT00161,REQ005,CAND00161,Recruiter outreach,applied,20,0.91,0,0,0,0,5616
EVT00162,REQ005,CAND00162,Recruiter outreach,qualified,2,0.89,0,0,1,0,11205
EVT00163,REQ005,CAND00163,Talent pool,qualified,7,0.95,0,0,0,0,6372
EVT00164,REQ005,CAND00164,Recruiter outreach,submitted,33,0.6,0,0,0,1,10692
EVT00165,REQ005,CAND00165,LinkedIn,screened,28,0.9,0,0,0,0,11178
EVT00166,REQ005,CAND00166,LinkedIn,qualified,36,0.89,0,0,0,1,10800
EVT00167,REQ005,CAND00167,Referral,qualified,35,0.66,0,0,0,0,8694
EVT00168,REQ005,CAND00168,LinkedIn,screened,27,0.72,0,0,0,1,11178
EVT00169,REQ005,CAND00169,Talent pool,applied,1,0.9,0,0,0,0,5562
EVT00170,REQ005,CAND00170,Job board,placed,14,0.66,0,0,0,1,8397
EVT00171,REQ005,CAND00171,Talent pool,applied,9,0.94,0,0,0,0,7209
EVT00172,REQ005,CAND00172,Talent pool,applied,34,0.67,0,0,1,0,10773
EVT00173,REQ005,CAND00173,LinkedIn,qualified,1,0.74,0,0,0,0,12393
EVT00174,REQ005,CAND00174,LinkedIn,qualified,29,0.85,0,0,0,0,3348
EVT00175,REQ005,CAND00175,Talent pool,applied,18,0.94,0,0,0,0,12204
EVT00176,REQ005,CAND00176,Community event,qualified,38,0.8,0,0,0,0,5805
EVT00177,REQ005,CAND00177,Community event,applied,19,0.72,0,0,1,0,8667
EVT00178,REQ005,CAND00178,Referral,submitted,32,0.7,0,0,0,0,4077
EVT00179,REQ005,CAND00179,Recruiter outreach,screened,17,0.67,0,0,1,0,7938
EVT00180,REQ005,CAND00180,Talent pool,interview,40,0.87,0,0,0,0,8991
EVT00181,REQ005,CAND00181,LinkedIn,applied,13,0.85,0,0,0,0,11259
EVT00182,REQ005,CAND00182,Recruiter outreach,screened,8,0.76,0,0,0,0,13878
EVT00183,REQ005,CAND00183,Recruiter outreach,applied,7,0.66,0,0,0,0,5238
EVT00184,REQ005,CAND00184,Talent pool,submitted,40,0.97,0,0,0,0,7020
EVT00185,REQ005,CAND00185,LinkedIn,applied,38,0.82,0,1,0,0,6426
EVT00186,REQ005,CAND00186,LinkedIn,screened,38,0.78,1,1,0,0,12204
EVT00187,REQ005,CAND00187,Recruiter outreach,qualified,0,0.97,0,0,0,1,8937
EVT00188,REQ005,CAND00188,Talent pool,applied,28,0.94,0,0,0,0,9990
EVT00189,REQ005,CAND00189,Recruiter outreach,screened,24,0.88,0,0,0,0,8667
EVT00190,REQ005,CAND00190,Talent pool,screened,33,0.63,0,0,0,0,9531
EVT00191,REQ005,CAND00191,Referral,submitted,35,0.74,0,0,0,0,13797
EVT00192,REQ005,CAND00192,Referral,screened,29,0.65,0,0,0,0,7290
EVT00193,REQ005,CAND00193,Referral,screened,32,0.63,0,0,0,0,13986
EVT00194,REQ005,CAND00194,Recruiter outreach,screened,29,0.83,0,0,0,1,13068
EVT00195,REQ005,CAND00195,Recruiter outreach,interview,10,0.88,0,0,0,0,4941
EVT00196,REQ005,CAND00196,Talent pool,applied,32,0.84,0,1,0,0,5427
EVT00197,REQ005,CAND00197,LinkedIn,qualified,9,0.65,0,0,0,0,5238
EVT00198,REQ005,CAND00198,Talent pool,applied,40,0.66,0,0,0,0,5049
EVT00199,REQ005,CAND00199,Referral,offer,0,0.84,0,1,0,0,10044
EVT00200,REQ006,CAND00200,Talent pool,applied,70,0.7,0,0,0,1,12348
EVT00201,REQ006,CAND00201,Recruiter outreach,screened,4,0.86,1,0,0,1,11984
EVT00202,REQ006,CAND00202,Recruiter outreach,applied,76,0.82,1,0,0,0,11396
EVT00203,REQ006,CAND00203,Job board,applied,47,0.96,0,0,1,0,4312
EVT00204,REQ006,CAND00204,Recruiter outreach,submitted,42,0.8,0,0,0,0,10864
EVT00205,REQ006,CAND00205,LinkedIn,applied,11,0.78,0,0,0,0,13216
EVT00206,REQ006,CAND00206,Talent pool,screened,73,1.0,0,0,0,0,8428
EVT00207,REQ006,CAND00207,Job board,interview,29,0.88,0,0,0,0,6132
EVT00208,REQ006,CAND00208,Referral,applied,53,0.75,0,1,0,0,8120
EVT00209,REQ006,CAND00209,Recruiter outreach,qualified,8,0.71,0,0,0,0,10612
EVT00210,REQ006,CAND00210,Talent pool,screened,3,0.93,0,0,0,0,6132
EVT00211,REQ006,CAND00211,LinkedIn,qualified,61,0.65,0,0,0,0,9940
EVT00212,REQ006,CAND00212,Job board,interview,66,0.71,0,0,0,0,13748
EVT00213,REQ006,CAND00213,Job board,screened,45,0.61,1,0,0,0,5488
EVT00214,REQ006,CAND00214,Referral,applied,49,0.66,0,0,0,0,5012
EVT00215,REQ006,CAND00215,Talent pool,interview,63,0.95,0,0,1,0,8680
EVT00216,REQ006,CAND00216,Community event,qualified,25,0.96,0,0,0,0,9716
EVT00217,REQ006,CAND00217,Talent pool,qualified,67,0.71,0,0,0,0,8036
EVT00218,REQ006,CAND00218,Recruiter outreach,applied,4,0.77,0,0,0,0,13580
EVT00219,REQ006,CAND00219,Referral,interview,42,0.78,0,1,0,0,4004
EVT00220,REQ006,CAND00220,Talent pool,applied,26,0.71,0,1,0,0,6104
EVT00221,REQ006,CAND00221,Job board,applied,14,0.59,0,0,0,0,12264
EVT00222,REQ006,CAND00222,Referral,screened,36,0.82,0,0,0,0,5796
EVT00223,REQ006,CAND00223,Job board,applied,6,0.62,0,0,0,0,4116
EVT00224,REQ006,CAND00224,Job board,applied,57,0.84,0,0,0,0,7812
EVT00225,REQ006,CAND00225,LinkedIn,qualified,59,0.82,0,0,1,0,4676
EVT00226,REQ006,CAND00226,Recruiter outreach,submitted,59,0.78,0,0,0,0,6552
EVT00227,REQ006,CAND00227,Recruiter outreach,applied,42,0.91,0,0,0,0,8008
EVT00228,REQ006,CAND00228,Referral,qualified,44,0.83,0,0,0,0,5180
EVT00229,REQ006,CAND00229,Job board,qualified,38,0.8,0,1,0,1,9100
EVT00230,REQ006,CAND00230,LinkedIn,screened,26,0.92,0,0,0,1,11816
EVT00231,REQ007,CAND00231,Job board,submitted,4,0.89,0,0,0,0,19360
EVT00232,REQ007,CAND00232,Job board,screened,11,0.71,0,0,0,0,13080
EVT00233,REQ007,CAND00233,Referral,applied,42,0.61,0,0,0,0,9240
EVT00234,REQ007,CAND00234,Recruiter outreach,submitted,9,0.77,0,0,1,0,10760
EVT00235,REQ007,CAND00235,Job board,qualified,43,0.71,0,0,0,0,13680
EVT00236,REQ007,CAND00236,Recruiter outreach,screened,54,0.63,0,0,0,0,10800
EVT00237,REQ007,CAND00237,Recruiter outreach,applied,7,0.94,0,1,0,0,5400
EVT00238,REQ007,CAND00238,Talent pool,applied,34,0.67,0,0,0,0,8320
EVT00239,REQ007,CAND00239,LinkedIn,qualified,42,0.63,0,0,0,0,5000
EVT00240,REQ007,CAND00240,Referral,applied,5,0.64,0,0,0,0,13280
EVT00241,REQ007,CAND00241,Recruiter outreach,interview,27,0.81,0,0,0,0,14000
EVT00242,REQ007,CAND00242,LinkedIn,qualified,45,0.79,0,1,0,0,13200
EVT00243,REQ007,CAND00243,Job board,interview,37,0.78,1,1,0,0,18920
EVT00244,REQ007,CAND00244,Talent pool,applied,33,0.61,0,0,0,0,17280
EVT00245,REQ007,CAND00245,Job board,applied,51,0.82,0,0,0,0,17320
EVT00246,REQ007,CAND00246,LinkedIn,applied,46,0.72,0,0,0,0,12000
EVT00247,REQ007,CAND00247,Talent pool,offer,46,0.91,0,1,0,0,10120
EVT00248,REQ007,CAND00248,Job board,applied,39,0.59,0,1,0,0,14720
EVT00249,REQ007,CAND00249,Job board,applied,54,0.69,0,0,0,0,19960
EVT00250,REQ007,CAND00250,LinkedIn,applied,16,0.91,0,0,0,0,9600
EVT00251,REQ007,CAND00251,Talent pool,qualified,52,0.64,0,0,0,0,14920
EVT00252,REQ007,CAND00252,Job board,submitted,36,0.89,0,0,0,0,11840
EVT00253,REQ007,CAND00253,LinkedIn,applied,30,0.89,0,1,0,0,20200
EVT00254,REQ007,CAND00254,LinkedIn,interview,27,0.58,0,0,0,0,13960
EVT00255,REQ007,CAND00255,LinkedIn,qualified,22,0.98,0,0,0,0,13640
EVT00256,REQ007,CAND00256,Talent pool,screened,37,0.74,0,0,0,0,20600
EVT00257,REQ007,CAND00257,LinkedIn,screened,11,0.71,0,0,0,0,5000
EVT00258,REQ007,CAND00258,Recruiter outreach,screened,14,0.88,1,0,0,0,9920
EVT00259,REQ007,CAND00259,Referral,applied,38,0.85,0,0,0,0,19280
EVT00260,REQ007,CAND00260,Referral,offer,51,0.99,0,0,0,0,7040
EVT00261,REQ007,CAND00261,LinkedIn,screened,17,0.9,0,0,0,0,18960
EVT00262,REQ007,CAND00262,Talent pool,interview,24,0.74,0,0,0,0,6000
EVT00263,REQ007,CAND00263,Recruiter outreach,applied,25,0.65,0,1,0,0,14840
EVT00264,REQ007,CAND00264,Job board,applied,16,0.62,0,0,0,0,6280
EVT00265,REQ007,CAND00265,Talent pool,applied,0,0.97,0,1,0,0,18400
EVT00266,REQ007,CAND00266,LinkedIn,qualified,49,0.79,0,0,1,0,13720
EVT00267,REQ007,CAND00267,Talent pool,qualified,44,0.92,0,0,0,0,14640
EVT00268,REQ008,CAND00268,Recruiter outreach,screened,41,0.62,0,0,0,0,16113
EVT00269,REQ008,CAND00269,LinkedIn,interview,35,0.6,0,0,0,0,12956
EVT00270,REQ008,CAND00270,LinkedIn,screened,56,0.85,0,1,0,0,20336
EVT00271,REQ008,CAND00271,Referral,applied,50,0.81,1,0,0,0,11357
EVT00272,REQ008,CAND00272,Community event,qualified,21,0.91,0,0,1,0,5781
EVT00273,REQ008,CAND00273,LinkedIn,qualified,34,0.64,0,0,0,0,17056
EVT00274,REQ008,CAND00274,Referral,applied,39,0.6,0,0,1,0,19639
EVT00275,REQ008,CAND00275,Referral,screened,39,0.65,0,0,0,1,17302
EVT00276,REQ008,CAND00276,Recruiter outreach,applied,12,0.76,0,0,0,1,20377
EVT00277,REQ008,CAND00277,LinkedIn,screened,50,0.67,0,0,0,0,5863
EVT00278,REQ008,CAND00278,LinkedIn,screened,35,0.65,0,0,0,0,10004
EVT00279,REQ008,CAND00279,Referral,interview,1,0.95,0,0,0,0,6601
EVT00280,REQ008,CAND00280,LinkedIn,applied,51,0.91,0,0,0,0,14883
EVT00281,REQ008,CAND00281,LinkedIn,screened,39,0.87,0,0,0,0,17425
EVT00282,REQ008,CAND00282,Job board,applied,0,0.81,0,0,0,0,8938
EVT00283,REQ008,CAND00283,Job board,applied,14,0.77,0,0,0,0,18040
EVT00284,REQ008,CAND00284,LinkedIn,screened,30,0.79,0,0,0,0,8241
EVT00285,REQ008,CAND00285,Referral,screened,51,0.95,0,0,0,0,14432
EVT00286,REQ008,CAND00286,Talent pool,applied,7,0.61,0,0,0,0,9840
EVT00287,REQ008,CAND00287,Job board,submitted,49,0.63,0,0,0,0,9676
EVT00288,REQ008,CAND00288,Talent pool,applied,31,0.6,0,0,0,0,14063
EVT00289,REQ008,CAND00289,Recruiter outreach,applied,40,0.73,0,0,0,0,10578
EVT00290,REQ008,CAND00290,LinkedIn,applied,29,0.76,0,1,0,0,20869
EVT00291,REQ008,CAND00291,Recruiter outreach,qualified,10,0.82,0,0,0,0,16523
EVT00292,REQ008,CAND00292,Referral,interview,53,0.77,0,0,0,0,5207
EVT00293,REQ008,CAND00293,Talent pool,submitted,37,0.98,0,0,0,0,16933
EVT00294,REQ008,CAND00294,Job board,interview,27,0.8,1,0,0,0,14965
EVT00295,REQ009,CAND00295,Recruiter outreach,submitted,52,0.98,0,0,0,1,5610
EVT00296,REQ009,CAND00296,LinkedIn,qualified,58,0.94,0,1,0,0,15060
EVT00297,REQ009,CAND00297,Community event,screened,47,0.84,0,0,0,0,14400
EVT00298,REQ009,CAND00298,Recruiter outreach,screened,54,0.9,0,0,0,1,14310
EVT00299,REQ009,CAND00299,Job board,offer,7,0.8,0,0,0,0,13950
EVT00300,REQ009,CAND00300,Referral,qualified,8,0.82,0,0,0,0,15480
EVT00301,REQ009,CAND00301,Community event,applied,26,0.9,0,1,0,0,15270
EVT00302,REQ009,CAND00302,LinkedIn,applied,44,0.77,0,0,0,1,11280
EVT00303,REQ009,CAND00303,LinkedIn,qualified,47,0.92,0,0,0,0,14220
EVT00304,REQ009,CAND00304,Recruiter outreach,submitted,22,0.7,0,0,0,1,4770
EVT00305,REQ009,CAND00305,LinkedIn,applied,2,0.7,0,0,0,0,14070
EVT00306,REQ009,CAND00306,LinkedIn,screened,8,0.59,0,0,0,0,7140
EVT00307,REQ009,CAND00307,Job board,submitted,62,0.83,0,0,0,0,14280
EVT00308,REQ009,CAND00308,Job board,qualified,33,0.68,0,0,0,0,9300
EVT00309,REQ009,CAND00309,Talent pool,placed,20,0.88,1,0,0,0,7980
EVT00310,REQ009,CAND00310,LinkedIn,applied,14,0.6,0,0,0,0,8460
EVT00311,REQ009,CAND00311,Job board,screened,44,0.64,0,0,0,0,10470
EVT00312,REQ009,CAND00312,LinkedIn,qualified,18,0.98,0,0,0,0,8490
EVT00313,REQ009,CAND00313,Community event,applied,37,0.99,0,0,0,0,15180
EVT00314,REQ009,CAND00314,Job board,placed,14,0.89,0,0,0,0,4200
EVT00315,REQ009,CAND00315,Job board,applied,11,0.72,0,0,0,0,12930
EVT00316,REQ009,CAND00316,Job board,screened,57,0.86,0,0,0,1,4920
EVT00317,REQ009,CAND00317,Job board,placed,46,0.75,0,0,0,1,14580
EVT00318,REQ009,CAND00318,LinkedIn,interview,11,0.67,0,0,0,0,10410
EVT00319,REQ009,CAND00319,Job board,submitted,53,0.64,0,0,0,0,12600
EVT00320,REQ009,CAND00320,LinkedIn,screened,48,0.62,0,0,0,0,9870
EVT00321,REQ009,CAND00321,LinkedIn,screened,25,0.66,0,0,0,0,9450
EVT00322,REQ009,CAND00322,Job board,applied,59,0.67,0,0,0,0,3630
EVT00323,REQ009,CAND00323,LinkedIn,applied,36,0.76,0,0,0,0,11130
EVT00324,REQ009,CAND00324,Talent pool,interview,46,0.82,1,0,0,0,12270
EVT00325,REQ009,CAND00325,LinkedIn,qualified,2,0.94,0,0,0,0,6090
EVT00326,REQ009,CAND00326,LinkedIn,screened,46,0.76,0,0,0,1,9060
EVT00327,REQ009,CAND00327,LinkedIn,applied,12,0.83,0,1,0,0,6150
EVT00328,REQ009,CAND00328,Recruiter outreach,screened,46,0.62,0,0,0,0,12480
EVT00329,REQ009,CAND00329,LinkedIn,qualified,20,0.62,0,0,0,0,5970
EVT00330,REQ009,CAND00330,Recruiter outreach,qualified,14,0.76,0,0,0,0,4770
EVT00331,REQ009,CAND00331,LinkedIn,applied,56,0.95,1,0,0,0,12750
EVT00332,REQ009,CAND00332,Community event,qualified,16,0.94,0,0,0,0,5760
EVT00333,REQ009,CAND00333,LinkedIn,screened,14,0.61,0,0,0,0,15480
EVT00334,REQ009,CAND00334,Job board,qualified,60,0.63,0,1,0,0,7470
EVT00335,REQ009,CAND00335,LinkedIn,applied,25,0.66,1,1,0,0,8970
EVT00336,REQ009,CAND00336,LinkedIn,applied,30,0.79,0,0,0,0,4620
EVT00337,REQ009,CAND00337,Job board,applied,0,0.99,1,0,0,0,5100
EVT00338,REQ009,CAND00338,Recruiter outreach,interview,13,0.66,0,0,0,0,9030
EVT00339,REQ009,CAND00339,Job board,placed,59,0.63,0,0,0,0,5670
EVT00340,REQ009,CAND00340,LinkedIn,qualified,49,0.7,0,0,0,0,12810
EVT00341,REQ009,CAND00341,Talent pool,submitted,54,0.66,0,0,0,0,4650
EVT00342,REQ009,CAND00342,Recruiter outreach,interview,13,0.75,0,0,1,0,11610
EVT00343,REQ009,CAND00343,Referral,screened,21,0.61,0,0,0,0,6630
EVT00344,REQ010,CAND00344,Recruiter outreach,applied,24,0.88,0,0,0,0,9591
EVT00345,REQ010,CAND00345,Talent pool,screened,12,0.99,0,0,0,0,8763
EVT00346,REQ010,CAND00346,Talent pool,applied,4,0.59,0,0,0,0,11431
EVT00347,REQ010,CAND00347,Referral,applied,4,0.71,0,0,0,0,10097
EVT00348,REQ010,CAND00348,Referral,applied,21,0.79,0,0,0,0,8694
EVT00349,REQ010,CAND00349,LinkedIn,applied,13,0.95,0,0,0,1,4140
EVT00350,REQ010,CAND00350,LinkedIn,qualified,24,0.71,0,0,1,0,11063
EVT00351,REQ010,CAND00351,Job board,applied,15,0.86,0,0,0,0,10810
EVT00352,REQ010,CAND00352,Job board,qualified,18,0.99,0,0,0,0,10005
EVT00353,REQ010,CAND00353,Talent pool,screened,11,0.73,0,1,0,0,11477
EVT00354,REQ010,CAND00354,Talent pool,screened,13,0.73,0,0,0,0,10534
EVT00355,REQ010,CAND00355,LinkedIn,applied,3,0.72,0,0,0,0,2990
EVT00356,REQ010,CAND00356,Referral,qualified,0,0.87,0,0,0,0,9683
EVT00357,REQ010,CAND00357,LinkedIn,applied,22,0.86,0,0,0,0,6716
EVT00358,REQ010,CAND00358,Recruiter outreach,qualified,6,0.79,0,0,0,0,3634
EVT00359,REQ010,CAND00359,Job board,submitted,7,0.84,0,1,0,0,3841
EVT00360,REQ010,CAND00360,Job board,screened,13,0.67,0,0,0,0,3657
EVT00361,REQ010,CAND00361,LinkedIn,screened,12,0.69,0,0,0,0,8809
EVT00362,REQ010,CAND00362,Talent pool,qualified,18,0.79,0,1,0,0,10534
EVT00363,REQ010,CAND00363,Talent pool,offer,24,0.96,0,0,0,0,9407
EVT00364,REQ010,CAND00364,Referral,submitted,24,0.71,0,0,0,0,7866
EVT00365,REQ010,CAND00365,Recruiter outreach,qualified,9,0.85,0,0,0,0,5773
EVT00366,REQ010,CAND00366,LinkedIn,screened,9,0.77,0,0,1,0,9338
EVT00367,REQ010,CAND00367,Job board,placed,25,0.92,0,0,0,1,10511
EVT00368,REQ010,CAND00368,Talent pool,screened,2,0.71,1,0,0,1,6256
EVT00369,REQ010,CAND00369,Recruiter outreach,interview,26,0.88,0,0,0,1,4393
EVT00370,REQ010,CAND00370,Job board,applied,24,0.97,0,0,0,0,5704
EVT00371,REQ010,CAND00371,Referral,qualified,23,0.74,0,0,0,0,11569
EVT00372,REQ010,CAND00372,Recruiter outreach,submitted,13,0.69,0,0,0,0,9683
EVT00373,REQ010,CAND00373,Job board,applied,7,0.98,0,0,0,0,4462
EVT00374,REQ010,CAND00374,Talent pool,qualified,26,0.89,0,1,0,0,3381
EVT00375,REQ010,CAND00375,Talent pool,screened,11,0.96,0,0,0,0,10810
EVT00376,REQ010,CAND00376,Recruiter outreach,applied,8,0.71,0,0,0,0,11661
EVT00377,REQ010,CAND00377,LinkedIn,applied,24,0.85,0,0,0,0,3151
EVT00378,REQ011,CAND00378,Recruiter outreach,interview,27,0.95,0,0,0,0,3762
EVT00379,REQ011,CAND00379,Talent pool,submitted,20,0.77,0,0,0,0,2948
EVT00380,REQ011,CAND00380,Talent pool,submitted,12,0.84,0,0,0,1,6160
EVT00381,REQ011,CAND00381,Referral,screened,8,0.94,0,0,0,0,10362
EVT00382,REQ011,CAND00382,Recruiter outreach,qualified,20,0.92,0,0,0,0,4862
EVT00383,REQ011,CAND00383,LinkedIn,applied,1,0.98,0,0,0,0,8910
EVT00384,REQ011,CAND00384,Job board,screened,10,0.6,0,0,0,0,9592
EVT00385,REQ011,CAND00385,LinkedIn,qualified,33,0.76,0,0,0,0,7744
EVT00386,REQ011,CAND00386,Job board,submitted,17,0.7,0,0,0,0,8206
EVT00387,REQ011,CAND00387,Job board,qualified,12,0.76,0,0,0,0,7238
EVT00388,REQ011,CAND00388,Referral,submitted,29,0.62,0,0,0,0,7920
EVT00389,REQ011,CAND00389,LinkedIn,applied,16,0.61,0,0,0,0,8910
EVT00390,REQ011,CAND00390,LinkedIn,applied,2,0.58,0,0,0,0,8316
EVT00391,REQ011,CAND00391,LinkedIn,screened,11,0.69,0,0,0,0,8294
EVT00392,REQ011,CAND00392,LinkedIn,qualified,16,0.63,0,1,0,0,3124
EVT00393,REQ011,CAND00393,Job board,placed,16,0.84,0,0,0,0,11198
EVT00394,REQ011,CAND00394,Job board,interview,9,0.81,0,0,0,0,10032
EVT00395,REQ011,CAND00395,Job board,screened,10,0.88,0,1,0,0,7546
EVT00396,REQ011,CAND00396,Recruiter outreach,applied,29,0.79,0,0,0,0,10736
EVT00397,REQ011,CAND00397,LinkedIn,interview,32,0.93,0,0,0,0,8976
EVT00398,REQ011,CAND00398,Job board,interview,26,0.97,0,0,0,0,5412
EVT00399,REQ011,CAND00399,Talent pool,submitted,25,0.74,0,1,0,0,3828
EVT00400,REQ011,CAND00400,LinkedIn,submitted,17,0.83,0,0,0,0,2684
EVT00401,REQ011,CAND00401,Referral,qualified,8,0.67,0,0,0,0,3168
EVT00402,REQ011,CAND00402,LinkedIn,submitted,5,0.75,0,0,0,0,4642
EVT00403,REQ011,CAND00403,Talent pool,applied,25,0.7,0,1,0,0,11110
EVT00404,REQ011,CAND00404,LinkedIn,offer,8,0.73,0,0,0,0,3718
EVT00405,REQ011,CAND00405,Job board,submitted,27,0.62,0,0,0,0,7392
EVT00406,REQ011,CAND00406,Job board,submitted,29,0.86,0,0,0,0,9922
EVT00407,REQ011,CAND00407,LinkedIn,screened,27,0.61,0,0,0,0,8008
EVT00408,REQ011,CAND00408,Community event,qualified,3,0.81,0,0,0,0,3146
EVT00409,REQ011,CAND00409,Job board,qualified,22,0.69,0,0,0,0,3542
EVT00410,REQ012,CAND00410,Referral,qualified,5,0.75,0,0,0,0,16800
EVT00411,REQ012,CAND00411,Job board,applied,51,0.66,0,0,0,0,7490
EVT00412,REQ012,CAND00412,Community event,applied,25,0.63,0,0,0,1,7245
EVT00413,REQ012,CAND00413,Job board,screened,19,0.84,0,0,0,0,15225
EVT00414,REQ012,CAND00414,Talent pool,qualified,0,0.66,0,0,0,0,4480
EVT00415,REQ012,CAND00415,LinkedIn,screened,53,0.84,1,0,0,0,13825
EVT00416,REQ012,CAND00416,LinkedIn,applied,9,0.89,0,0,1,0,12145
EVT00417,REQ012,CAND00417,Job board,offer,53,0.74,0,0,0,0,10150
EVT00418,REQ012,CAND00418,Talent pool,applied,38,0.89,0,0,0,0,9380
EVT00419,REQ012,CAND00419,Job board,applied,31,0.68,0,0,0,0,5285
EVT00420,REQ012,CAND00420,Job board,qualified,30,0.63,0,1,0,0,15330
EVT00421,REQ012,CAND00421,LinkedIn,offer,22,0.76,0,1,0,0,13265
EVT00422,REQ012,CAND00422,Recruiter outreach,applied,8,0.95,0,0,0,0,17150
EVT00423,REQ012,CAND00423,Community event,screened,51,0.99,0,0,0,0,7070
EVT00424,REQ012,CAND00424,LinkedIn,screened,38,0.79,0,0,0,0,11620
EVT00425,REQ012,CAND00425,Job board,offer,16,0.73,0,0,0,0,7035
EVT00426,REQ012,CAND00426,Recruiter outreach,applied,14,0.63,0,0,0,0,8190
EVT00427,REQ012,CAND00427,Community event,qualified,9,0.94,0,0,0,0,13405
EVT00428,REQ012,CAND00428,Referral,screened,48,0.63,1,0,0,0,6090
EVT00429,REQ012,CAND00429,Job board,submitted,10,0.84,0,0,0,0,7875
EVT00430,REQ012,CAND00430,LinkedIn,interview,6,0.64,0,0,0,0,10710
EVT00431,REQ012,CAND00431,LinkedIn,qualified,15,0.93,0,0,0,0,12670
EVT00432,REQ012,CAND00432,Job board,qualified,42,0.68,0,0,0,0,17675
EVT00433,REQ012,CAND00433,Job board,submitted,29,0.98,0,0,0,0,13440
EVT00434,REQ012,CAND00434,LinkedIn,submitted,4,0.62,1,0,1,0,9835
EVT00435,REQ012,CAND00435,Talent pool,qualified,9,0.96,0,0,1,0,5215
EVT00436,REQ012,CAND00436,Community event,placed,43,0.87,0,0,0,0,9625
EVT00437,REQ012,CAND00437,LinkedIn,submitted,9,0.87,0,0,0,0,12180
EVT00438,REQ012,CAND00438,Recruiter outreach,screened,51,0.91,0,0,0,0,11445
EVT00439,REQ012,CAND00439,Recruiter outreach,submitted,8,0.8,0,0,0,0,13860
EVT00440,REQ012,CAND00440,Referral,applied,1,0.95,0,0,0,0,13860
EVT00441,REQ012,CAND00441,LinkedIn,screened,3,0.93,0,0,0,0,8820
EVT00442,REQ012,CAND00442,LinkedIn,screened,47,0.58,1,0,0,0,10255
EVT00443,REQ012,CAND00443,Recruiter outreach,placed,34,0.93,0,0,0,0,8365
EVT00444,REQ012,CAND00444,LinkedIn,qualified,33,0.89,0,0,0,0,6055
EVT00445,REQ012,CAND00445,Job board,qualified,53,0.75,0,0,0,0,5845
EVT00446,REQ012,CAND00446,Recruiter outreach,applied,37,0.81,0,0,0,0,18130
EVT00447,REQ012,CAND00447,LinkedIn,qualified,31,0.89,0,0,0,0,11655
EVT00448,REQ012,CAND00448,LinkedIn,submitted,33,0.63,0,0,0,0,7980
EVT00449,REQ012,CAND00449,Referral,qualified,26,0.63,0,0,0,0,10815
EVT00450,REQ012,CAND00450,Referral,screened,31,0.59,0,0,0,0,6755
EVT00451,REQ012,CAND00451,Job board,applied,52,0.89,1,0,0,0,4235
EVT00452,REQ012,CAND00452,LinkedIn,applied,21,0.91,0,0,0,0,12705
EVT00453,REQ012,CAND00453,Recruiter outreach,submitted,42,0.77,0,0,0,0,17220
EVT00454,REQ012,CAND00454,Talent pool,qualified,34,0.6,0,0,0,0,16205
EVT00455,REQ012,CAND00455,Talent pool,interview,50,0.9,0,0,0,0,9730
EVT00456,REQ012,CAND00456,LinkedIn,screened,3,0.98,0,0,0,0,13545
EVT00457,REQ012,CAND00457,Job board,applied,1,0.7,0,0,0,0,7875
EVT00458,REQ013,CAND00458,Recruiter outreach,submitted,18,0.6,0,0,0,0,3275
EVT00459,REQ013,CAND00459,LinkedIn,qualified,3,0.81,1,0,0,1,6650
EVT00460,REQ013,CAND00460,LinkedIn,applied,19,0.98,0,0,0,0,5300
EVT00461,REQ013,CAND00461,Referral,applied,12,0.98,0,0,0,0,4525
EVT00462,REQ013,CAND00462,LinkedIn,applied,3,0.69,0,0,0,0,7050
EVT00463,REQ013,CAND00463,Job board,qualified,8,0.81,0,0,0,0,10500
EVT00464,REQ013,CAND00464,LinkedIn,screened,2,0.94,0,0,0,0,9400
EVT00465,REQ013,CAND00465,Community event,applied,13,0.98,0,0,0,0,10100
EVT00466,REQ013,CAND00466,Referral,qualified,0,0.61,0,0,0,0,9150
EVT00467,REQ013,CAND00467,LinkedIn,applied,16,0.7,0,0,0,0,5050
EVT00468,REQ013,CAND00468,Job board,submitted,17,1.0,0,0,0,0,8525
EVT00469,REQ013,CAND00469,Job board,applied,14,0.69,0,0,0,0,11475
EVT00470,REQ013,CAND00470,LinkedIn,placed,20,0.97,0,0,1,0,10775
EVT00471,REQ013,CAND00471,Recruiter outreach,qualified,12,0.81,0,0,0,0,11300
EVT00472,REQ013,CAND00472,Job board,screened,12,0.93,0,0,0,0,7575
EVT00473,REQ013,CAND00473,Recruiter outreach,qualified,6,0.77,0,0,0,0,5825
EVT00474,REQ013,CAND00474,Talent pool,submitted,20,0.71,0,0,0,0,12175
EVT00475,REQ013,CAND00475,Community event,applied,19,0.67,0,1,0,0,5500
EVT00476,REQ013,CAND00476,Talent pool,placed,6,0.86,0,0,0,0,10225
EVT00477,REQ013,CAND00477,Job board,screened,18,0.94,0,0,0,0,9675
EVT00478,REQ013,CAND00478,LinkedIn,submitted,19,0.69,0,1,0,0,10150
EVT00479,REQ013,CAND00479,Referral,interview,10,0.76,0,0,0,0,8200
EVT00480,REQ013,CAND00480,Talent pool,applied,7,0.6,0,0,0,0,8375
EVT00481,REQ013,CAND00481,LinkedIn,qualified,7,0.99,0,0,0,0,8400
EVT00482,REQ013,CAND00482,Recruiter outreach,offer,0,0.78,0,0,0,0,3300
EVT00483,REQ013,CAND00483,Job board,screened,10,0.93,0,0,0,0,7250
EVT00484,REQ013,CAND00484,LinkedIn,qualified,14,0.82,0,0,0,1,4075
EVT00485,REQ013,CAND00485,Recruiter outreach,placed,1,0.97,0,0,0,0,8650
EVT00486,REQ013,CAND00486,Job board,applied,12,0.75,0,0,0,1,10900
EVT00487,REQ013,CAND00487,LinkedIn,submitted,13,0.95,0,0,1,0,10925
EVT00488,REQ013,CAND00488,Talent pool,applied,3,0.62,0,1,0,0,10600
EVT00489,REQ014,CAND00489,Talent pool,applied,13,0.78,0,0,0,0,16606
EVT00490,REQ014,CAND00490,LinkedIn,qualified,20,0.9,0,1,0,0,10602
EVT00491,REQ014,CAND00491,Job board,screened,0,0.8,0,0,0,0,17328
EVT00492,REQ014,CAND00492,Referral,screened,6,0.99,0,0,0,0,16986
EVT00493,REQ014,CAND00493,Talent pool,interview,19,0.87,0,0,0,0,15808
EVT00494,REQ014,CAND00494,LinkedIn,screened,1,0.79,0,0,0,0,4598
EVT00495,REQ014,CAND00495,Talent pool,screened,26,0.72,0,0,0,0,18924
EVT00496,REQ014,CAND00496,Job board,qualified,17,0.63,0,1,1,0,10184
EVT00497,REQ014,CAND00497,Talent pool,qualified,9,0.65,0,0,0,0,9652
EVT00498,REQ014,CAND00498,LinkedIn,screened,3,0.59,0,0,1,0,17708
EVT00499,REQ014,CAND00499,Talent pool,applied,11,0.92,0,0,0,0,17404
EVT00500,REQ014,CAND00500,Job board,applied,3,0.64,0,0,0,0,7068
EVT00501,REQ014,CAND00501,LinkedIn,submitted,7,0.97,0,0,0,0,19380
EVT00502,REQ014,CAND00502,LinkedIn,screened,25,0.7,0,0,0,1,6992
EVT00503,REQ014,CAND00503,Community event,interview,21,0.84,0,0,0,0,7790
EVT00504,REQ014,CAND00504,Talent pool,qualified,10,0.88,0,0,0,0,14782
EVT00505,REQ014,CAND00505,Talent pool,screened,18,0.85,0,0,0,0,8588
EVT00506,REQ014,CAND00506,LinkedIn,applied,18,0.65,0,0,0,0,11818
EVT00507,REQ014,CAND00507,Referral,applied,1,0.78,0,0,0,0,16644
EVT00508,REQ014,CAND00508,Job board,qualified,0,0.66,0,0,0,0,9082
EVT00509,REQ014,CAND00509,Referral,applied,2,0.91,0,0,0,0,8968
EVT00510,REQ014,CAND00510,Referral,applied,9,0.89,1,0,0,0,19494
EVT00511,REQ014,CAND00511,LinkedIn,screened,23,0.81,0,0,0,0,9614
EVT00512,REQ014,CAND00512,LinkedIn,applied,18,0.9,0,0,0,0,4788
EVT00513,REQ014,CAND00513,Job board,qualified,23,0.67,0,0,0,0,9082
EVT00514,REQ014,CAND00514,Talent pool,qualified,10,0.94,0,0,0,0,12882
EVT00515,REQ014,CAND00515,Talent pool,submitted,18,0.95,0,0,0,0,10488
EVT00516,REQ014,CAND00516,Referral,offer,21,0.9,0,0,0,0,19380
EVT00517,REQ014,CAND00517,Job board,submitted,4,0.99,0,1,0,0,10982
EVT00518,REQ014,CAND00518,Talent pool,screened,12,0.61,0,0,0,0,12046
EVT00519,REQ014,CAND00519,Referral,applied,3,0.86,0,0,0,1,7980
EVT00520,REQ014,CAND00520,Talent pool,applied,9,0.67,0,0,0,0,10222
EVT00521,REQ014,CAND00521,Referral,screened,13,0.74,0,0,0,0,6688
EVT00522,REQ014,CAND00522,Job board,applied,27,0.67,0,0,0,0,12958
EVT00523,REQ014,CAND00523,Talent pool,submitted,22,0.87,0,0,0,0,9918
EVT00524,REQ014,CAND00524,Community event,applied,10,0.96,0,0,0,0,14098
EVT00525,REQ014,CAND00525,Job board,qualified,22,0.93,0,0,0,0,10336
EVT00526,REQ014,CAND00526,Recruiter outreach,qualified,13,0.77,0,0,0,0,17366
EVT00527,REQ014,CAND00527,Job board,applied,8,0.95,0,0,0,0,15010
EVT00528,REQ014,CAND00528,Recruiter outreach,applied,24,0.81,0,0,0,0,11704
EVT00529,REQ014,CAND00529,Referral,applied,16,0.6,0,0,0,0,5054
EVT00530,REQ014,CAND00530,Talent pool,applied,12,0.6,0,0,0,0,9424
EVT00531,REQ014,CAND00531,Recruiter outreach,applied,17,0.86,0,0,0,1,18430
EVT00532,REQ014,CAND00532,LinkedIn,offer,3,0.65,0,0,0,1,6954
EVT00533,REQ014,CAND00533,Job board,qualified,11,0.65,0,0,0,0,18430
EVT00534,REQ014,CAND00534,Talent pool,applied,20,0.86,0,0,0,0,17366
EVT00535,REQ015,CAND00535,Talent pool,applied,12,0.97,0,0,0,0,11507
EVT00536,REQ015,CAND00536,LinkedIn,interview,43,0.86,1,1,1,0,8584
EVT00537,REQ015,CAND00537,Referral,offer,32,0.63,0,0,0,1,10619
EVT00538,REQ015,CAND00538,Job board,qualified,14,0.67,0,0,0,0,11174
EVT00539,REQ015,CAND00539,Referral,qualified,42,0.92,0,1,0,0,16724
EVT00540,REQ015,CAND00540,Referral,screened,6,0.88,0,0,0,0,15207
EVT00541,REQ015,CAND00541,Community event,applied,44,0.64,0,0,0,0,7733
EVT00542,REQ015,CAND00542,Recruiter outreach,screened,38,0.96,0,0,0,0,12913
EVT00543,REQ015,CAND00543,Talent pool,qualified,39,0.9,0,0,0,0,6771
EVT00544,REQ015,CAND00544,Talent pool,qualified,18,0.66,0,0,0,0,11544
EVT00545,REQ015,CAND00545,Referral,applied,21,0.64,0,0,0,0,10434
EVT00546,REQ015,CAND00546,Talent pool,screened,1,0.68,0,0,0,0,18315
EVT00547,REQ015,CAND00547,LinkedIn,qualified,43,0.87,0,0,0,0,8621
EVT00548,REQ015,CAND00548,LinkedIn,screened,4,0.98,0,0,1,0,5402
EVT00549,REQ015,CAND00549,LinkedIn,screened,13,0.68,0,0,0,0,5920
EVT00550,REQ015,CAND00550,Job board,qualified,19,0.7,0,0,0,0,12913
EVT00551,REQ015,CAND00551,LinkedIn,offer,24,0.65,0,0,0,0,12765
EVT00552,REQ015,CAND00552,Job board,qualified,24,0.76,0,0,0,0,5994
EVT00553,REQ015,CAND00553,Recruiter outreach,submitted,29,0.71,0,0,0,0,9805
EVT00554,REQ015,CAND00554,Job board,qualified,12,0.58,0,0,0,0,13912
EVT00555,REQ015,CAND00555,LinkedIn,submitted,24,0.79,0,0,0,0,16576
EVT00556,REQ015,CAND00556,Referral,placed,10,0.66,0,0,0,0,12691
EVT00557,REQ015,CAND00557,Talent pool,offer,23,0.87,0,0,0,0,16761
EVT00558,REQ015,CAND00558,Job board,qualified,45,0.86,0,0,0,0,17649
EVT00559,REQ015,CAND00559,LinkedIn,screened,37,0.98,0,0,0,0,7474
EVT00560,REQ015,CAND00560,Talent pool,applied,5,0.8,0,0,0,0,7992
EVT00561,REQ015,CAND00561,LinkedIn,interview,24,0.83,0,0,0,0,18315
EVT00562,REQ015,CAND00562,Recruiter outreach,qualified,22,0.92,0,0,0,0,9509
EVT00563,REQ015,CAND00563,Recruiter outreach,submitted,0,0.62,0,0,0,0,19092
EVT00564,REQ015,CAND00564,Job board,screened,45,0.64,0,0,0,0,13653
EVT00565,REQ015,CAND00565,Recruiter outreach,applied,11,0.92,0,0,0,1,8066
EVT00566,REQ015,CAND00566,Recruiter outreach,applied,10,0.61,0,0,0,0,6031
EVT00567,REQ015,CAND00567,LinkedIn,qualified,6,0.58,0,0,0,0,9472
EVT00568,REQ015,CAND00568,Referral,submitted,0,0.74,0,0,0,0,14282
EVT00569,REQ015,CAND00569,Talent pool,placed,23,0.87,0,0,0,0,10915
EVT00570,REQ015,CAND00570,Recruiter outreach,placed,22,0.95,0,0,0,1,6327
EVT00571,REQ015,CAND00571,Recruiter outreach,applied,7,0.94,0,0,0,1,9731
EVT00572,REQ015,CAND00572,Talent pool,offer,32,0.75,0,0,0,0,7992
EVT00573,REQ015,CAND00573,Talent pool,applied,20,0.86,0,0,0,0,8843
EVT00574,REQ015,CAND00574,Job board,screened,30,0.99,0,0,0,0,17686
EVT00575,REQ015,CAND00575,Talent pool,interview,36,0.91,0,0,0,0,17982
EVT00576,REQ015,CAND00576,LinkedIn,qualified,29,0.65,0,0,0,0,12876
EVT00577,REQ015,CAND00577,Job board,offer,44,0.62,0,0,0,0,12654
EVT00578,REQ015,CAND00578,Referral,placed,16,0.86,0,0,0,0,17131
EVT00579,REQ015,CAND00579,LinkedIn,applied,14,0.97,0,0,0,0,18944
EVT00580,REQ015,CAND00580,Referral,interview,41,0.85,0,0,0,0,15059
EVT00581,REQ015,CAND00581,Job board,offer,21,0.89,0,0,0,0,7992
EVT00582,REQ015,CAND00582,Referral,submitted,0,0.71,0,0,0,0,15614
EVT00583,REQ015,CAND00583,Recruiter outreach,qualified,8,0.8,0,0,0,0,15836
EVT00584,REQ015,CAND00584,Referral,screened,18,0.93,1,0,0,0,13875
EVT00585,REQ015,CAND00585,LinkedIn,screened,2,0.83,0,0,0,0,10286
EVT00586,REQ015,CAND00586,Talent pool,qualified,13,0.79,0,0,0,0,17760
EVT00587,REQ016,CAND00587,Community event,qualified,14,0.87,0,0,0,0,1898
EVT00588,REQ016,CAND00588,Talent pool,interview,10,1.0,0,0,0,0,5200
EVT00589,REQ016,CAND00589,Job board,qualified,46,0.7,0,0,0,1,6188
EVT00590,REQ016,CAND00590,Talent pool,interview,3,0.94,0,0,0,0,6279
EVT00591,REQ016,CAND00591,Talent pool,qualified,13,0.67,0,0,0,0,6539
EVT00592,REQ016,CAND00592,Talent pool,applied,9,0.74,0,0,0,0,4394
EVT00593,REQ016,CAND00593,LinkedIn,screened,7,0.99,0,0,0,0,5876
EVT00594,REQ016,CAND00594,Job board,qualified,25,0.79,0,0,0,0,6136
EVT00595,REQ016,CAND00595,LinkedIn,screened,5,0.91,0,0,0,0,5876
EVT00596,REQ016,CAND00596,Talent pool,qualified,41,0.86,0,1,0,0,4940
EVT00597,REQ016,CAND00597,Job board,applied,37,0.66,0,0,0,1,4771
EVT00598,REQ016,CAND00598,Talent pool,placed,34,0.66,0,0,0,0,6214
EVT00599,REQ016,CAND00599,Job board,applied,37,0.81,0,0,0,0,5889
EVT00600,REQ016,CAND00600,Talent pool,applied,11,0.58,0,0,0,0,4524
EVT00601,REQ016,CAND00601,LinkedIn,submitted,48,0.59,0,0,0,0,2379
EVT00602,REQ016,CAND00602,LinkedIn,qualified,19,0.6,0,0,0,1,5005
EVT00603,REQ016,CAND00603,LinkedIn,interview,22,0.83,0,0,0,0,4953
EVT00604,REQ016,CAND00604,Referral,applied,13,0.98,0,0,0,0,5564
EVT00605,REQ016,CAND00605,Job board,screened,16,0.74,0,0,0,0,2639
EVT00606,REQ016,CAND00606,Referral,qualified,4,0.84,0,0,0,0,3341
EVT00607,REQ016,CAND00607,Talent pool,placed,38,0.65,0,0,0,0,2574
EVT00608,REQ016,CAND00608,Talent pool,qualified,34,0.63,0,0,0,0,5200
EVT00609,REQ016,CAND00609,LinkedIn,qualified,14,0.69,0,0,0,0,2210
EVT00610,REQ016,CAND00610,Community event,qualified,46,0.95,0,0,0,0,5473
EVT00611,REQ016,CAND00611,Job board,submitted,38,0.62,0,0,0,0,1872
EVT00612,REQ016,CAND00612,Recruiter outreach,applied,34,0.81,0,0,0,0,4238
EVT00613,REQ016,CAND00613,LinkedIn,qualified,24,0.82,1,0,0,0,3328
EVT00614,REQ016,CAND00614,Talent pool,applied,45,0.77,0,0,0,0,4472
EVT00615,REQ016,CAND00615,Talent pool,placed,14,0.71,0,0,0,0,2132
EVT00616,REQ016,CAND00616,Job board,offer,5,0.65,0,0,0,0,1937
EVT00617,REQ016,CAND00617,LinkedIn,applied,43,0.79,0,0,1,0,6422
EVT00618,REQ016,CAND00618,Job board,applied,0,0.84,0,0,0,0,6513
EVT00619,REQ016,CAND00619,Job board,applied,33,0.87,0,0,0,0,1833
EVT00620,REQ016,CAND00620,Community event,screened,4,0.73,0,0,0,0,2444
EVT00621,REQ016,CAND00621,Community event,qualified,43,0.68,0,0,0,0,5148
EVT00622,REQ016,CAND00622,Recruiter outreach,interview,40,0.82,0,0,0,1,3003
EVT00623,REQ016,CAND00623,Recruiter outreach,interview,39,0.94,0,0,0,0,1937
EVT00624,REQ016,CAND00624,Job board,qualified,11,0.75,0,0,1,0,1612
EVT00625,REQ016,CAND00625,Job board,applied,31,0.58,0,0,0,0,6669
EVT00626,REQ016,CAND00626,LinkedIn,screened,17,0.63,0,0,0,0,4472
EVT00627,REQ016,CAND00627,Job board,screened,45,0.66,0,0,1,0,2821
EVT00628,REQ016,CAND00628,LinkedIn,applied,30,0.98,0,0,1,0,3328
EVT00629,REQ016,CAND00629,Job board,applied,49,0.95,0,0,0,0,4888
EVT00630,REQ016,CAND00630,Talent pool,submitted,8,0.65,0,0,0,0,4888
EVT00631,REQ016,CAND00631,Talent pool,applied,0,0.76,1,0,0,0,3484
EVT00632,REQ016,CAND00632,Referral,applied,17,0.9,0,0,0,0,3302
EVT00633,REQ016,CAND00633,LinkedIn,placed,44,0.89,0,0,0,0,5616
EVT00634,REQ016,CAND00634,Community event,applied,2,0.7,0,0,0,0,2834
EVT00635,REQ016,CAND00635,Job board,interview,19,0.87,0,0,0,0,3094
EVT00636,REQ016,CAND00636,Job board,applied,23,0.7,0,0,0,0,3887
EVT00637,REQ016,CAND00637,LinkedIn,screened,20,0.67,0,0,1,0,4693
EVT00638,REQ016,CAND00638,Job board,applied,7,0.62,0,0,0,0,1638
EVT00639,REQ016,CAND00639,Talent pool,screened,37,0.8,0,0,0,0,4030
EVT00640,REQ016,CAND00640,LinkedIn,applied,38,0.63,0,0,0,0,5460
EVT00641,REQ017,CAND00641,Talent pool,interview,34,0.84,0,0,0,1,6576
EVT00642,REQ017,CAND00642,Community event,submitted,35,0.88,0,0,0,0,12192
EVT00643,REQ017,CAND00643,Recruiter outreach,interview,27,0.61,0,0,0,0,8016
EVT00644,REQ017,CAND00644,Community event,qualified,18,0.6,0,0,0,0,9816
EVT00645,REQ017,CAND00645,Community event,applied,32,0.99,0,0,0,0,4896
EVT00646,REQ017,CAND00646,Job board,qualified,0,0.65,0,0,0,0,5544
EVT00647,REQ017,CAND00647,Referral,screened,16,0.71,0,0,0,0,5568
EVT00648,REQ017,CAND00648,LinkedIn,applied,40,0.64,0,0,0,0,6288
EVT00649,REQ017,CAND00649,LinkedIn,interview,34,0.63,0,0,0,0,10848
EVT00650,REQ017,CAND00650,Job board,qualified,46,0.64,0,0,0,0,10392
EVT00651,REQ017,CAND00651,Community event,applied,17,0.65,0,1,0,0,3072
EVT00652,REQ017,CAND00652,Community event,qualified,24,0.98,0,0,0,0,6024
EVT00653,REQ017,CAND00653,Talent pool,interview,37,0.84,0,0,0,0,12120
EVT00654,REQ017,CAND00654,Job board,qualified,31,0.66,0,0,0,0,5136
EVT00655,REQ017,CAND00655,LinkedIn,submitted,19,0.65,0,0,0,0,5040
EVT00656,REQ017,CAND00656,Talent pool,submitted,41,0.99,0,0,0,0,4104
EVT00657,REQ017,CAND00657,LinkedIn,submitted,7,0.93,0,1,0,0,12240
EVT00658,REQ017,CAND00658,Recruiter outreach,submitted,38,0.59,0,0,0,0,2976
EVT00659,REQ017,CAND00659,Referral,offer,30,0.9,0,0,0,0,8328
EVT00660,REQ017,CAND00660,LinkedIn,submitted,34,0.63,0,0,0,0,3408
EVT00661,REQ017,CAND00661,LinkedIn,applied,1,0.68,0,0,0,0,7608
EVT00662,REQ017,CAND00662,Talent pool,applied,52,0.96,0,0,0,0,8904
EVT00663,REQ017,CAND00663,Referral,applied,7,0.73,0,0,0,0,3912
EVT00664,REQ017,CAND00664,Job board,interview,9,0.96,0,0,0,0,11304
EVT00665,REQ017,CAND00665,Recruiter outreach,qualified,16,0.92,0,0,0,0,11616
EVT00666,REQ017,CAND00666,Talent pool,submitted,9,0.74,0,0,0,0,11736
EVT00667,REQ017,CAND00667,Community event,submitted,9,0.62,0,0,0,0,4440
EVT00668,REQ017,CAND00668,LinkedIn,applied,50,0.85,0,0,0,0,4560
EVT00669,REQ017,CAND00669,Talent pool,submitted,34,0.81,0,0,0,0,5688
EVT00670,REQ017,CAND00670,Job board,qualified,44,0.62,0,0,0,0,7320
EVT00671,REQ017,CAND00671,Community event,applied,3,0.96,1,0,0,0,7296
EVT00672,REQ017,CAND00672,Recruiter outreach,submitted,26,0.68,0,0,0,0,5616
EVT00673,REQ017,CAND00673,LinkedIn,applied,27,0.74,0,0,0,1,11496
EVT00674,REQ017,CAND00674,Job board,applied,9,0.61,0,0,0,0,3816
EVT00675,REQ017,CAND00675,Recruiter outreach,applied,33,0.87,0,0,0,0,6552
EVT00676,REQ017,CAND00676,Talent pool,qualified,3,0.95,0,0,1,0,3264
EVT00677,REQ017,CAND00677,LinkedIn,screened,29,0.81,0,0,0,0,6048
EVT00678,REQ017,CAND00678,Job board,interview,33,0.74,0,0,0,0,4416
EVT00679,REQ017,CAND00679,Job board,submitted,38,0.93,0,0,0,0,11376
EVT00680,REQ017,CAND00680,LinkedIn,qualified,41,0.76,0,0,0,0,6192
EVT00681,REQ017,CAND00681,Referral,applied,34,0.62,0,0,1,0,5472
EVT00682,REQ017,CAND00682,Talent pool,screened,17,0.62,0,0,0,1,9864
EVT00683,REQ017,CAND00683,Job board,screened,0,0.99,0,1,0,0,12096
EVT00684,REQ017,CAND00684,Job board,applied,44,0.86,0,0,0,0,6936
EVT00685,REQ017,CAND00685,Talent pool,qualified,24,0.78,0,0,0,0,3336
EVT00686,REQ017,CAND00686,LinkedIn,applied,13,0.92,0,0,0,0,10896
EVT00687,REQ017,CAND00687,Talent pool,applied,33,0.97,0,0,0,0,7056
EVT00688,REQ017,CAND00688,LinkedIn,qualified,45,0.91,0,0,0,1,7632
EVT00689,REQ017,CAND00689,Community event,applied,6,0.92,0,0,0,0,4632
EVT00690,REQ017,CAND00690,LinkedIn,submitted,29,0.71,0,0,0,0,6504
EVT00691,REQ017,CAND00691,LinkedIn,applied,16,0.99,0,0,0,0,6024
EVT00692,REQ017,CAND00692,Job board,submitted,23,0.94,0,0,0,0,7800
EVT00693,REQ017,CAND00693,Job board,qualified,20,0.74,0,0,0,0,11256
EVT00694,REQ017,CAND00694,Job board,qualified,3,0.89,0,0,0,0,5880
EVT00695,REQ018,CAND00695,Referral,submitted,9,0.67,0,0,0,0,10680
EVT00696,REQ018,CAND00696,LinkedIn,screened,23,0.89,0,0,0,0,9690
EVT00697,REQ018,CAND00697,LinkedIn,submitted,60,0.63,0,0,0,0,10560
EVT00698,REQ018,CAND00698,LinkedIn,applied,76,0.91,0,0,0,1,4530
EVT00699,REQ018,CAND00699,LinkedIn,offer,54,0.69,0,0,1,0,13350
EVT00700,REQ018,CAND00700,LinkedIn,applied,53,0.8,0,1,0,0,13860
EVT00701,REQ018,CAND00701,LinkedIn,interview,38,0.65,1,0,0,0,8940
EVT00702,REQ018,CAND00702,Job board,offer,73,0.74,0,0,0,0,3750
EVT00703,REQ018,CAND00703,Recruiter outreach,screened,40,0.59,0,0,0,0,10620
EVT00704,REQ018,CAND00704,Job board,offer,0,1.0,0,0,0,0,5520
EVT00705,REQ018,CAND00705,Talent pool,screened,69,0.91,0,1,0,0,12810
EVT00706,REQ018,CAND00706,LinkedIn,qualified,46,0.59,0,0,0,1,8310
EVT00707,REQ018,CAND00707,Recruiter outreach,qualified,45,0.93,0,0,0,0,10140
EVT00708,REQ018,CAND00708,Talent pool,qualified,76,0.65,0,0,0,0,10290
EVT00709,REQ018,CAND00709,Recruiter outreach,qualified,12,1.0,0,0,0,0,5190
EVT00710,REQ018,CAND00710,Referral,applied,69,0.62,0,1,0,0,10410
EVT00711,REQ018,CAND00711,Recruiter outreach,qualified,70,0.74,0,0,0,0,6600
EVT00712,REQ018,CAND00712,Community event,interview,50,0.58,0,0,0,0,9330
EVT00713,REQ018,CAND00713,Job board,submitted,53,0.86,0,0,0,0,3660
EVT00714,REQ018,CAND00714,Job board,interview,76,0.71,1,0,0,0,6210
EVT00715,REQ018,CAND00715,Community event,offer,6,0.92,0,0,0,0,12450
EVT00716,REQ018,CAND00716,Recruiter outreach,qualified,20,0.76,0,0,0,0,5100
EVT00717,REQ018,CAND00717,LinkedIn,screened,33,0.93,0,0,0,0,6030
EVT00718,REQ018,CAND00718,LinkedIn,offer,3,0.84,0,0,0,0,11940
EVT00719,REQ018,CAND00719,Referral,interview,80,0.91,0,0,0,0,6450
EVT00720,REQ018,CAND00720,Recruiter outreach,applied,48,0.9,0,0,0,0,13710
EVT00721,REQ018,CAND00721,Referral,applied,14,0.77,0,1,0,0,12750
EVT00722,REQ018,CAND00722,LinkedIn,applied,26,0.74,0,0,1,0,11130
EVT00723,REQ018,CAND00723,Job board,submitted,40,0.85,0,0,0,0,10500
EVT00724,REQ018,CAND00724,LinkedIn,submitted,4,0.63,1,0,0,0,8850
EVT00725,REQ018,CAND00725,Job board,placed,15,0.66,0,0,0,0,4050
EVT00726,REQ018,CAND00726,Job board,qualified,3,0.72,0,0,0,0,6960
EVT00727,REQ018,CAND00727,Talent pool,applied,70,0.85,0,0,0,1,10770
EVT00728,REQ018,CAND00728,Job board,submitted,35,0.98,0,0,0,0,5160
EVT00729,REQ018,CAND00729,Talent pool,screened,57,0.76,0,0,0,0,15060
EVT00730,REQ018,CAND00730,LinkedIn,applied,80,0.92,0,0,0,0,10500
EVT00731,REQ018,CAND00731,Referral,applied,67,0.73,0,0,0,0,4050
EVT00732,REQ018,CAND00732,Recruiter outreach,applied,47,0.74,0,0,0,0,15570
EVT00733,REQ018,CAND00733,Referral,qualified,41,0.96,0,0,0,0,12210
EVT00734,REQ018,CAND00734,LinkedIn,applied,9,0.82,0,0,0,0,13500
EVT00735,REQ018,CAND00735,Talent pool,qualified,63,0.6,0,0,0,0,7800
EVT00736,REQ018,CAND00736,LinkedIn,qualified,36,0.59,0,0,0,0,12420
EVT00737,REQ018,CAND00737,Recruiter outreach,placed,67,0.6,0,0,0,0,13500
EVT00738,REQ018,CAND00738,Job board,applied,44,0.75,0,0,0,0,12120
EVT00739,REQ018,CAND00739,Job board,submitted,15,0.93,1,0,0,0,13080
EVT00740,REQ018,CAND00740,LinkedIn,applied,55,0.68,0,0,0,0,4950
EVT00741,REQ019,CAND00741,Recruiter outreach,submitted,3,0.69,0,0,1,0,2840
EVT00742,REQ019,CAND00742,Recruiter outreach,applied,17,0.87,0,0,0,0,3800
EVT00743,REQ019,CAND00743,Referral,screened,26,0.85,0,0,0,0,9240
EVT00744,REQ019,CAND00744,Job board,applied,46,0.78,0,0,0,0,3340
EVT00745,REQ019,CAND00745,LinkedIn,applied,47,0.94,0,0,0,0,9500
EVT00746,REQ019,CAND00746,Community event,applied,12,0.78,0,1,0,0,5880
EVT00747,REQ019,CAND00747,Job board,applied,29,0.86,0,0,0,0,7560
EVT00748,REQ019,CAND00748,LinkedIn,applied,12,0.91,0,0,0,0,4320
EVT00749,REQ019,CAND00749,Job board,applied,29,0.95,0,0,0,0,10020
EVT00750,REQ019,CAND00750,Referral,applied,22,0.69,0,0,0,0,8020
EVT00751,REQ019,CAND00751,Job board,applied,17,0.74,0,0,0,1,2900
EVT00752,REQ019,CAND00752,Talent pool,screened,33,0.84,0,0,0,0,7700
EVT00753,REQ019,CAND00753,Talent pool,qualified,2,0.82,0,0,0,1,4840
EVT00754,REQ019,CAND00754,Referral,applied,6,0.67,0,0,0,0,9480
EVT00755,REQ019,CAND00755,LinkedIn,applied,46,0.58,0,0,0,0,4280
EVT00756,REQ019,CAND00756,Talent pool,qualified,20,0.87,0,0,0,0,4100
EVT00757,REQ019,CAND00757,Recruiter outreach,applied,11,0.99,0,1,0,0,3180
EVT00758,REQ019,CAND00758,Talent pool,applied,55,0.68,1,0,0,1,3520
EVT00759,REQ019,CAND00759,Referral,applied,48,0.64,0,0,0,0,3360
EVT00760,REQ019,CAND00760,Recruiter outreach,applied,42,0.78,0,0,0,0,6120
EVT00761,REQ019,CAND00761,Recruiter outreach,qualified,55,0.96,0,0,0,0,8500
EVT00762,REQ019,CAND00762,LinkedIn,qualified,14,0.86,0,0,0,0,3840
EVT00763,REQ019,CAND00763,Referral,qualified,5,0.66,0,0,0,0,6260
EVT00764,REQ019,CAND00764,Community event,screened,56,0.8,0,0,0,0,5100
EVT00765,REQ019,CAND00765,LinkedIn,interview,12,0.6,0,0,0,0,7720
EVT00766,REQ019,CAND00766,Recruiter outreach,screened,22,0.7,0,0,0,0,2480
EVT00767,REQ019,CAND00767,Talent pool,qualified,42,0.65,0,0,0,0,7380
EVT00768,REQ019,CAND00768,Talent pool,applied,3,0.79,1,1,0,0,2440
EVT00769,REQ019,CAND00769,Talent pool,qualified,54,0.79,1,0,0,0,10260
EVT00770,REQ019,CAND00770,Community event,screened,5,0.7,0,0,0,0,2720
EVT00771,REQ020,CAND00771,LinkedIn,offer,8,0.97,0,0,0,0,20400
EVT00772,REQ020,CAND00772,Job board,qualified,6,0.69,0,0,0,0,15984
EVT00773,REQ020,CAND00773,LinkedIn,screened,12,0.91,0,0,0,0,16464
EVT00774,REQ020,CAND00774,Job board,applied,11,0.76,0,0,0,0,16080
EVT00775,REQ020,CAND00775,Job board,offer,4,0.84,0,1,0,1,13152
EVT00776,REQ020,CAND00776,Job board,submitted,1,0.9,0,0,0,0,15408
EVT00777,REQ020,CAND00777,Talent pool,applied,2,0.6,0,0,0,0,21696
EVT00778,REQ020,CAND00778,Job board,applied,3,0.89,0,0,0,0,22320
EVT00779,REQ020,CAND00779,Talent pool,qualified,4,0.67,0,0,0,0,22320
EVT00780,REQ020,CAND00780,LinkedIn,screened,19,0.87,0,0,0,0,8544
EVT00781,REQ020,CAND00781,LinkedIn,applied,0,0.93,0,0,0,0,16656
EVT00782,REQ020,CAND00782,Recruiter outreach,qualified,17,0.69,0,0,0,0,20784
EVT00783,REQ020,CAND00783,Recruiter outreach,screened,21,0.68,0,0,0,0,18288
EVT00784,REQ020,CAND00784,Job board,submitted,15,0.73,0,0,0,0,12480
EVT00785,REQ020,CAND00785,Talent pool,qualified,14,0.63,0,0,0,1,15312
EVT00786,REQ020,CAND00786,LinkedIn,applied,11,0.98,0,0,0,1,17232
EVT00787,REQ020,CAND00787,Job board,interview,6,0.73,1,0,0,0,23088
EVT00788,REQ020,CAND00788,Job board,qualified,14,0.88,0,0,0,0,9168
EVT00789,REQ020,CAND00789,Talent pool,applied,12,0.98,0,0,0,0,20640
EVT00790,REQ020,CAND00790,Job board,screened,10,0.83,0,0,0,0,20016
EVT00791,REQ020,CAND00791,Job board,qualified,3,0.86,0,1,0,0,18000
EVT00792,REQ020,CAND00792,Job board,offer,7,0.62,0,0,0,0,10032
EVT00793,REQ020,CAND00793,LinkedIn,submitted,1,0.94,0,0,0,0,7536
EVT00794,REQ020,CAND00794,LinkedIn,qualified,14,0.74,0,1,0,0,21408
EVT00795,REQ020,CAND00795,LinkedIn,screened,5,0.76,0,0,0,0,18720
EVT00796,REQ020,CAND00796,LinkedIn,submitted,4,0.96,0,0,0,0,14592
EVT00797,REQ020,CAND00797,Job board,submitted,20,0.8,0,0,0,0,10416
EVT00798,REQ020,CAND00798,Job board,submitted,4,0.92,0,0,0,0,16512
EVT00799,REQ020,CAND00799,LinkedIn,qualified,3,0.79,0,0,0,0,7008
EVT00800,REQ020,CAND00800,LinkedIn,screened,11,0.61,0,0,0,0,9600
EVT00801,REQ020,CAND00801,Referral,offer,12,0.84,0,0,0,0,19152
EVT00802,REQ020,CAND00802,Referral,screened,10,0.76,0,0,0,1,10656
EVT00803,REQ020,CAND00803,Talent pool,qualified,21,0.96,0,0,0,0,7248
EVT00804,REQ020,CAND00804,Referral,applied,1,0.73,0,0,0,0,7488
EVT00805,REQ020,CAND00805,Job board,offer,8,0.88,0,0,0,0,8304
EVT00806,REQ020,CAND00806,Job board,applied,7,0.59,0,0,0,0,7104
EVT00807,REQ020,CAND00807,Talent pool,applied,0,0.81,0,0,0,0,7008
EVT00808,REQ020,CAND00808,LinkedIn,qualified,3,0.96,0,0,0,0,14784
EVT00809,REQ020,CAND00809,LinkedIn,qualified,13,0.89,0,0,0,1,18912
EVT00810,REQ021,CAND00810,Recruiter outreach,applied,56,0.66,0,0,1,1,3976
EVT00811,REQ021,CAND00811,Job board,qualified,15,0.86,0,0,0,0,4452
EVT00812,REQ021,CAND00812,Job board,applied,28,0.77,0,0,0,0,7672
EVT00813,REQ021,CAND00813,Talent pool,offer,69,0.79,0,0,0,0,4116
EVT00814,REQ021,CAND00814,Job board,qualified,66,0.68,0,0,1,0,13972
EVT00815,REQ021,CAND00815,LinkedIn,screened,56,0.85,0,0,1,0,9856
EVT00816,REQ021,CAND00816,Referral,offer,10,0.61,0,0,0,0,12096
EVT00817,REQ021,CAND00817,Referral,qualified,55,0.8,0,0,0,0,12824
EVT00818,REQ021,CAND00818,Job board,qualified,33,0.92,0,1,0,0,11816
EVT00819,REQ021,CAND00819,Referral,applied,7,0.92,0,0,0,0,11284
EVT00820,REQ021,CAND00820,Talent pool,qualified,66,0.69,0,0,0,0,8820
EVT00821,REQ021,CAND00821,Community event,qualified,35,0.62,0,0,0,0,6916
EVT00822,REQ021,CAND00822,LinkedIn,submitted,32,0.91,0,1,0,0,14420
EVT00823,REQ021,CAND00823,LinkedIn,screened,59,0.59,0,0,0,0,3472
EVT00824,REQ021,CAND00824,Community event,qualified,10,0.7,0,0,0,1,12096
EVT00825,REQ021,CAND00825,Community event,screened,63,0.63,0,0,0,0,12376
EVT00826,REQ021,CAND00826,Recruiter outreach,applied,64,0.94,0,0,0,0,11648
EVT00827,REQ021,CAND00827,Job board,qualified,2,0.86,0,0,0,0,8400
EVT00828,REQ021,CAND00828,Referral,screened,9,0.68,0,0,0,0,8008
EVT00829,REQ021,CAND00829,Recruiter outreach,screened,3,0.72,0,0,0,0,8512
EVT00830,REQ021,CAND00830,Job board,qualified,20,0.73,0,0,0,0,7504
EVT00831,REQ021,CAND00831,Recruiter outreach,offer,65,0.91,1,0,0,0,13552
EVT00832,REQ021,CAND00832,LinkedIn,qualified,10,0.98,0,1,0,0,6552
EVT00833,REQ021,CAND00833,Community event,screened,67,0.92,0,0,0,0,12040
EVT00834,REQ021,CAND00834,Job board,qualified,31,0.72,0,0,0,0,14364
EVT00835,REQ021,CAND00835,LinkedIn,placed,52,0.73,0,0,0,0,8400
EVT00836,REQ021,CAND00836,Referral,screened,29,0.82,0,0,0,0,5152
EVT00837,REQ021,CAND00837,LinkedIn,interview,36,0.72,0,0,0,0,5040
EVT00838,REQ021,CAND00838,Job board,applied,23,0.95,0,0,0,0,3556
EVT00839,REQ021,CAND00839,Job board,applied,4,0.93,0,0,0,0,3696
EVT00840,REQ021,CAND00840,Community event,screened,45,0.63,0,0,0,0,13328
EVT00841,REQ021,CAND00841,Talent pool,screened,13,1.0,0,0,0,0,4004
EVT00842,REQ021,CAND00842,Recruiter outreach,applied,55,0.7,0,0,0,0,10192
EVT00843,REQ021,CAND00843,Talent pool,screened,19,0.96,0,0,0,0,11844
EVT00844,REQ021,CAND00844,Talent pool,screened,35,0.98,0,0,0,0,4732
EVT00845,REQ021,CAND00845,Job board,applied,54,0.7,1,0,0,0,8848
EVT00846,REQ021,CAND00846,LinkedIn,qualified,26,0.76,0,0,0,0,7336
EVT00847,REQ021,CAND00847,Job board,screened,56,0.67,0,0,0,0,5768
EVT00848,REQ021,CAND00848,Recruiter outreach,applied,18,0.62,0,0,0,0,11256
EVT00849,REQ021,CAND00849,Talent pool,submitted,24,0.58,1,0,0,0,3724
EVT00850,REQ021,CAND00850,LinkedIn,qualified,58,0.7,0,0,0,0,4928
EVT00851,REQ021,CAND00851,Recruiter outreach,screened,17,1.0,0,0,0,1,13832
EVT00852,REQ022,CAND00852,LinkedIn,applied,16,0.72,0,0,0,0,5280
EVT00853,REQ022,CAND00853,Job board,screened,13,0.62,0,0,0,0,7215
EVT00854,REQ022,CAND00854,LinkedIn,submitted,20,0.84,0,0,0,1,3675
EVT00855,REQ022,CAND00855,LinkedIn,applied,26,0.66,0,0,0,0,5610
EVT00856,REQ022,CAND00856,LinkedIn,applied,0,0.76,0,0,0,0,5565
EVT00857,REQ022,CAND00857,LinkedIn,screened,18,0.68,0,0,0,0,4470
EVT00858,REQ022,CAND00858,Talent pool,qualified,15,0.79,0,0,0,0,6630
EVT00859,REQ022,CAND00859,LinkedIn,qualified,24,0.9,0,0,0,0,5010
EVT00860,REQ022,CAND00860,LinkedIn,offer,3,0.73,0,0,0,0,4845
EVT00861,REQ022,CAND00861,Talent pool,screened,7,0.59,0,0,0,0,3855
EVT00862,REQ022,CAND00862,Recruiter outreach,qualified,10,0.75,0,1,0,0,5190
EVT00863,REQ022,CAND00863,LinkedIn,qualified,1,0.71,1,0,0,0,4935
EVT00864,REQ022,CAND00864,Recruiter outreach,applied,19,0.72,0,0,0,0,6435
EVT00865,REQ022,CAND00865,Community event,qualified,11,0.9,1,0,0,0,6045
EVT00866,REQ022,CAND00866,Referral,applied,12,0.94,0,0,0,0,3555
EVT00867,REQ022,CAND00867,LinkedIn,applied,0,0.6,0,0,0,0,1950
EVT00868,REQ022,CAND00868,Job board,submitted,0,0.68,0,0,0,0,7725
EVT00869,REQ022,CAND00869,Referral,screened,26,0.89,0,0,0,0,3870
EVT00870,REQ022,CAND00870,Referral,interview,23,0.93,0,0,0,1,6435
EVT00871,REQ022,CAND00871,Referral,interview,25,0.72,0,0,0,0,5730
EVT00872,REQ022,CAND00872,LinkedIn,submitted,12,0.7,0,0,0,0,2505
EVT00873,REQ022,CAND00873,Job board,applied,12,0.59,0,0,0,0,5610
EVT00874,REQ022,CAND00874,Community event,submitted,0,0.75,0,0,0,0,3570
EVT00875,REQ022,CAND00875,Job board,qualified,2,0.62,0,0,0,0,3090
EVT00876,REQ022,CAND00876,Recruiter outreach,applied,16,0.88,0,0,0,0,6150
EVT00877,REQ022,CAND00877,Referral,submitted,1,0.72,0,0,0,0,6135
EVT00878,REQ022,CAND00878,Recruiter outreach,screened,15,0.71,0,0,0,0,6795
EVT00879,REQ022,CAND00879,Job board,applied,3,0.76,0,0,0,0,2385
EVT00880,REQ022,CAND00880,Talent pool,qualified,3,0.6,0,0,0,0,5055
EVT00881,REQ022,CAND00881,Job board,qualified,0,0.7,0,0,0,0,5130
EVT00882,REQ022,CAND00882,Talent pool,placed,18,0.85,0,0,0,0,2880
EVT00883,REQ022,CAND00883,Talent pool,applied,15,0.77,0,0,0,0,4335
EVT00884,REQ022,CAND00884,Talent pool,interview,0,0.71,0,0,0,0,3165
EVT00885,REQ022,CAND00885,Referral,applied,17,0.77,0,0,0,0,2520
EVT00886,REQ022,CAND00886,Job board,applied,20,0.59,0,0,0,0,3270
EVT00887,REQ022,CAND00887,Recruiter outreach,applied,12,0.97,0,0,0,0,6105
EVT00888,REQ022,CAND00888,Talent pool,screened,8,0.82,0,0,0,0,2760
EVT00889,REQ022,CAND00889,Job board,submitted,8,0.99,0,0,0,0,7455
EVT00890,REQ022,CAND00890,Talent pool,interview,2,0.97,0,0,0,0,6510
EVT00891,REQ022,CAND00891,LinkedIn,applied,16,0.92,0,0,0,1,5055
EVT00892,REQ022,CAND00892,LinkedIn,screened,12,0.88,0,0,0,0,4515
EVT00893,REQ022,CAND00893,Job board,qualified,20,0.93,0,0,0,0,7260
EVT00894,REQ022,CAND00894,Job board,applied,13,0.85,0,0,0,0,3165
EVT00895,REQ022,CAND00895,LinkedIn,applied,17,0.95,0,0,0,0,3255
EVT00896,REQ022,CAND00896,LinkedIn,qualified,0,0.83,0,1,0,0,4320
EVT00897,REQ023,CAND00897,Recruiter outreach,interview,30,0.75,0,1,0,0,10948
EVT00898,REQ023,CAND00898,LinkedIn,screened,30,1.0,0,0,1,0,10189
EVT00899,REQ023,CAND00899,LinkedIn,qualified,23,0.59,0,0,0,0,11155
EVT00900,REQ023,CAND00900,Talent pool,applied,3,0.77,0,0,0,0,11109
EVT00901,REQ023,CAND00901,Referral,applied,1,0.72,0,0,0,0,10672
EVT00902,REQ023,CAND00902,LinkedIn,submitted,33,0.59,0,0,0,0,10580
EVT00903,REQ023,CAND00903,Recruiter outreach,qualified,17,0.62,0,1,0,0,7981
EVT00904,REQ023,CAND00904,Job board,applied,0,0.71,0,0,0,0,9361
EVT00905,REQ023,CAND00905,LinkedIn,qualified,7,0.97,0,0,0,0,4899
EVT00906,REQ023,CAND00906,LinkedIn,submitted,13,0.85,0,0,0,0,8165
EVT00907,REQ023,CAND00907,Talent pool,applied,12,0.89,0,0,0,0,11431
EVT00908,REQ023,CAND00908,Referral,applied,14,0.93,0,0,0,0,5957
EVT00909,REQ023,CAND00909,LinkedIn,interview,37,0.73,0,0,0,0,11845
EVT00910,REQ023,CAND00910,Job board,screened,24,0.65,0,0,1,0,9453
EVT00911,REQ023,CAND00911,Talent pool,applied,32,0.81,0,0,0,0,11500
EVT00912,REQ023,CAND00912,Referral,submitted,7,0.8,0,0,0,1,10189
EVT00913,REQ023,CAND00913,LinkedIn,applied,2,0.72,0,0,0,0,3979
EVT00914,REQ023,CAND00914,Recruiter outreach,screened,6,0.66,1,0,0,0,6969
EVT00915,REQ023,CAND00915,Job board,qualified,36,0.87,0,1,0,0,11362
EVT00916,REQ023,CAND00916,Recruiter outreach,qualified,19,0.6,0,0,0,0,5497
EVT00917,REQ023,CAND00917,Recruiter outreach,submitted,25,0.83,0,0,0,0,4669
EVT00918,REQ023,CAND00918,Recruiter outreach,qualified,36,0.9,0,0,0,0,4278
EVT00919,REQ023,CAND00919,Talent pool,screened,22,0.77,1,1,0,0,4692
EVT00920,REQ023,CAND00920,Talent pool,qualified,13,0.76,0,0,0,0,11270
EVT00921,REQ023,CAND00921,Talent pool,applied,30,0.81,0,0,0,0,7383
EVT00922,REQ023,CAND00922,Recruiter outreach,screened,6,0.74,0,0,0,0,6486
EVT00923,REQ023,CAND00923,LinkedIn,submitted,27,0.83,0,0,0,0,9039
EVT00924,REQ024,CAND00924,Talent pool,qualified,15,0.74,0,1,0,0,7350
EVT00925,REQ024,CAND00925,Referral,qualified,31,0.66,0,0,0,0,5700
EVT00926,REQ024,CAND00926,Referral,qualified,43,0.92,0,0,0,0,3425
EVT00927,REQ024,CAND00927,Community event,applied,51,0.61,0,0,0,0,11775
EVT00928,REQ024,CAND00928,Talent pool,submitted,32,0.74,0,0,0,0,8800
EVT00929,REQ024,CAND00929,Talent pool,applied,47,0.85,0,0,0,0,10725
EVT00930,REQ024,CAND00930,Recruiter outreach,submitted,23,0.63,0,0,0,0,5275
EVT00931,REQ024,CAND00931,Job board,placed,59,0.88,0,0,0,0,6300
EVT00932,REQ024,CAND00932,Recruiter outreach,applied,7,0.94,0,0,0,0,8875
EVT00933,REQ024,CAND00933,Recruiter outreach,qualified,52,0.59,0,0,0,0,6400
EVT00934,REQ024,CAND00934,LinkedIn,applied,22,0.89,1,0,0,0,9800
EVT00935,REQ024,CAND00935,LinkedIn,submitted,27,0.95,0,0,0,0,7400
EVT00936,REQ024,CAND00936,Talent pool,placed,33,0.82,0,0,0,0,3500
EVT00937,REQ024,CAND00937,LinkedIn,applied,24,0.8,0,0,0,0,12275
EVT00938,REQ024,CAND00938,Recruiter outreach,applied,16,0.88,0,0,1,0,12500
EVT00939,REQ024,CAND00939,Recruiter outreach,interview,19,0.84,0,0,0,0,9900
EVT00940,REQ024,CAND00940,LinkedIn,interview,27,0.7,0,0,0,0,11800
EVT00941,REQ024,CAND00941,LinkedIn,submitted,17,0.58,0,0,0,0,5650
EVT00942,REQ024,CAND00942,Job board,applied,20,0.62,0,0,0,0,5875
EVT00943,REQ024,CAND00943,LinkedIn,applied,37,0.76,0,0,0,0,10600
EVT00944,REQ024,CAND00944,LinkedIn,qualified,28,0.64,0,1,0,0,12500
EVT00945,REQ024,CAND00945,Job board,qualified,36,0.99,0,0,0,0,11075
EVT00946,REQ024,CAND00946,Community event,qualified,48,0.71,0,0,0,0,11625
EVT00947,REQ024,CAND00947,LinkedIn,qualified,48,0.59,0,0,0,0,6625
EVT00948,REQ024,CAND00948,Job board,screened,54,0.63,0,0,0,0,8050
EVT00949,REQ024,CAND00949,Community event,applied,47,0.99,0,0,0,0,10025
EVT00950,REQ025,CAND00950,LinkedIn,qualified,21,0.95,0,0,0,0,19980
EVT00951,REQ025,CAND00951,LinkedIn,submitted,14,0.7,0,0,0,0,15750
EVT00952,REQ025,CAND00952,Recruiter outreach,applied,20,0.65,0,1,0,0,7650
EVT00953,REQ025,CAND00953,Talent pool,qualified,4,0.84,0,0,0,0,16965
EVT00954,REQ025,CAND00954,Job board,placed,18,0.84,0,0,0,0,21150
EVT00955,REQ025,CAND00955,LinkedIn,applied,27,0.66,0,0,0,0,9090
EVT00956,REQ025,CAND00956,Talent pool,qualified,4,0.7,0,0,0,0,6075
EVT00957,REQ025,CAND00957,Job board,applied,14,0.79,0,0,0,0,7920
EVT00958,REQ025,CAND00958,Recruiter outreach,submitted,2,0.58,0,0,0,0,6120
EVT00959,REQ025,CAND00959,Job board,screened,8,0.95,0,0,0,0,17775
EVT00960,REQ025,CAND00960,Talent pool,applied,23,0.61,0,0,1,0,14535
EVT00961,REQ025,CAND00961,Talent pool,submitted,14,0.76,1,0,0,0,8235
EVT00962,REQ025,CAND00962,Recruiter outreach,applied,11,0.75,0,0,0,0,13185
EVT00963,REQ025,CAND00963,LinkedIn,applied,14,0.96,0,0,0,0,16695
EVT00964,REQ025,CAND00964,Talent pool,submitted,8,0.82,0,0,0,0,19080
EVT00965,REQ025,CAND00965,LinkedIn,applied,22,0.7,0,1,0,0,21870
EVT00966,REQ025,CAND00966,Talent pool,applied,22,0.63,0,0,0,0,19395
EVT00967,REQ025,CAND00967,LinkedIn,applied,18,0.59,0,1,0,0,13770
EVT00968,REQ025,CAND00968,Talent pool,submitted,11,0.85,0,0,0,0,18900
EVT00969,REQ025,CAND00969,LinkedIn,interview,16,0.78,0,0,0,0,16515
EVT00970,REQ025,CAND00970,Referral,interview,8,0.84,0,0,0,0,22185
EVT00971,REQ025,CAND00971,Talent pool,submitted,26,0.89,0,0,0,0,23400
EVT00972,REQ025,CAND00972,Recruiter outreach,submitted,10,0.79,0,0,1,0,11610
EVT00973,REQ025,CAND00973,Job board,screened,18,0.8,0,0,0,1,11025
EVT00974,REQ025,CAND00974,Talent pool,applied,14,0.65,0,0,0,0,19395
EVT00975,REQ025,CAND00975,LinkedIn,applied,4,0.8,0,0,0,0,6795
EVT00976,REQ025,CAND00976,LinkedIn,applied,1,0.71,0,0,1,0,19980
EVT00977,REQ025,CAND00977,Job board,applied,19,0.78,0,0,1,0,18495
EVT00978,REQ025,CAND00978,Job board,applied,18,0.92,0,0,0,0,19530
EVT00979,REQ025,CAND00979,Community event,submitted,10,0.79,0,0,0,0,17235
EVT00980,REQ025,CAND00980,Talent pool,applied,16,0.71,0,0,0,0,15525
EVT00981,REQ025,CAND00981,Talent pool,applied,15,0.65,0,1,0,0,6885
EVT00982,REQ025,CAND00982,Talent pool,submitted,26,0.66,0,0,0,0,23310
EVT00983,REQ025,CAND00983,LinkedIn,applied,21,0.71,0,0,0,0,19440
EVT00984,REQ025,CAND00984,Talent pool,applied,5,0.84,0,0,0,0,9000
EVT00985,REQ025,CAND00985,Job board,qualified,7,0.97,0,0,0,0,16245
EVT00986,REQ025,CAND00986,Recruiter outreach,offer,10,0.77,0,0,0,0,15165
EVT00987,REQ026,CAND00987,Job board,qualified,51,0.64,0,0,0,0,7413
EVT00988,REQ026,CAND00988,Referral,submitted,23,0.59,0,0,0,0,7098
EVT00989,REQ026,CAND00989,LinkedIn,submitted,17,0.62,0,0,0,0,5124
EVT00990,REQ026,CAND00990,Talent pool,applied,49,0.86,0,0,0,0,9912
EVT00991,REQ026,CAND00991,Talent pool,offer,3,0.85,0,0,0,1,5481
EVT00992,REQ026,CAND00992,Job board,qualified,49,0.89,0,0,0,1,4137
EVT00993,REQ026,CAND00993,Job board,interview,34,0.9,0,0,0,0,5313
EVT00994,REQ026,CAND00994,Recruiter outreach,screened,44,0.88,0,0,0,0,5880
EVT00995,REQ026,CAND00995,LinkedIn,offer,14,0.77,0,0,0,0,6090
EVT00996,REQ026,CAND00996,Community event,applied,41,0.75,0,0,0,0,6762
EVT00997,REQ026,CAND00997,Talent pool,submitted,36,0.76,0,1,0,0,2856
EVT00998,REQ026,CAND00998,Recruiter outreach,offer,4,0.89,0,0,0,0,8589
EVT00999,REQ026,CAND00999,Job board,applied,36,0.97,0,0,0,0,9072
EVT01000,REQ026,CAND01000,LinkedIn,screened,47,0.64,0,0,0,0,6069
EVT01001,REQ026,CAND01001,Talent pool,applied,27,0.95,0,0,0,0,6825
EVT01002,REQ026,CAND01002,Referral,screened,16,0.94,0,1,0,0,8799
EVT01003,REQ026,CAND01003,LinkedIn,screened,22,0.96,0,0,0,0,10206
EVT01004,REQ026,CAND01004,LinkedIn,interview,38,0.98,0,0,0,1,2940
EVT01005,REQ026,CAND01005,Job board,submitted,13,0.66,0,0,0,0,4263
EVT01006,REQ026,CAND01006,LinkedIn,qualified,28,0.63,0,0,0,0,6552
EVT01007,REQ026,CAND01007,Recruiter outreach,applied,12,0.67,0,0,1,0,6594
EVT01008,REQ026,CAND01008,LinkedIn,screened,10,0.9,0,0,0,0,3801
EVT01009,REQ026,CAND01009,Talent pool,offer,5,0.92,0,0,0,0,6384
EVT01010,REQ026,CAND01010,Job board,qualified,6,0.73,0,1,0,0,5838
EVT01011,REQ026,CAND01011,Job board,submitted,41,0.92,0,0,0,1,7581
EVT01012,REQ026,CAND01012,Community event,applied,11,0.82,0,0,1,0,3885
EVT01013,REQ026,CAND01013,LinkedIn,qualified,47,0.86,0,1,0,0,6510
EVT01014,REQ026,CAND01014,Recruiter outreach,screened,51,0.92,0,0,0,0,4452
EVT01015,REQ026,CAND01015,Recruiter outreach,qualified,23,0.96,0,1,0,0,5355
EVT01016,REQ026,CAND01016,Referral,screened,9,0.96,1,1,0,0,3003
EVT01017,REQ026,CAND01017,Talent pool,qualified,14,0.62,0,0,1,0,3213
EVT01018,REQ026,CAND01018,Job board,applied,38,0.92,0,0,0,0,2520
EVT01019,REQ026,CAND01019,Job board,qualified,39,0.86,0,0,0,0,3549
EVT01020,REQ026,CAND01020,Talent pool,qualified,9,0.67,0,0,0,0,3402
EVT01021,REQ026,CAND01021,Talent pool,submitted,46,0.86,0,0,0,0,6048
EVT01022,REQ026,CAND01022,Job board,screened,8,0.72,0,0,0,0,6531
EVT01023,REQ026,CAND01023,Job board,screened,3,0.91,0,1,0,0,4473
EVT01024,REQ026,CAND01024,Talent pool,applied,30,0.78,0,0,0,1,6216
EVT01025,REQ026,CAND01025,Recruiter outreach,applied,16,0.81,0,0,0,0,3780
EVT01026,REQ026,CAND01026,Talent pool,submitted,21,0.92,0,0,0,0,7749
EVT01027,REQ026,CAND01027,Job board,submitted,50,0.73,0,0,0,0,9408
EVT01028,REQ026,CAND01028,Job board,applied,45,0.7,0,0,0,0,6237
EVT01029,REQ027,CAND01029,Job board,qualified,32,0.66,0,0,0,0,10296
EVT01030,REQ027,CAND01030,Referral,applied,33,0.8,0,0,0,0,8624
EVT01031,REQ027,CAND01031,LinkedIn,qualified,10,0.85,0,0,0,0,9592
EVT01032,REQ027,CAND01032,Recruiter outreach,applied,12,0.7,0,0,0,0,7150
EVT01033,REQ027,CAND01033,Recruiter outreach,applied,19,0.58,0,0,0,0,5456
EVT01034,REQ027,CAND01034,Talent pool,screened,26,0.64,0,0,0,1,8052
EVT01035,REQ027,CAND01035,Talent pool,submitted,26,0.74,0,0,0,0,4818
EVT01036,REQ027,CAND01036,LinkedIn,applied,37,0.98,0,0,0,0,4334
EVT01037,REQ027,CAND01037,LinkedIn,applied,33,0.62,0,0,0,0,9702
EVT01038,REQ027,CAND01038,LinkedIn,screened,9,0.61,0,0,0,0,11132
EVT01039,REQ027,CAND01039,LinkedIn,interview,7,0.84,0,0,0,0,7436
EVT01040,REQ027,CAND01040,Recruiter outreach,screened,6,0.62,0,0,0,0,10868
EVT01041,REQ027,CAND01041,Job board,screened,27,0.76,0,0,0,0,9812
EVT01042,REQ027,CAND01042,Talent pool,applied,21,0.76,0,0,0,0,5456
EVT01043,REQ027,CAND01043,Referral,placed,37,0.76,0,0,0,0,5632
EVT01044,REQ027,CAND01044,Talent pool,applied,33,0.95,0,0,0,0,10142
EVT01045,REQ027,CAND01045,Job board,qualified,7,0.99,0,0,0,0,5324
EVT01046,REQ027,CAND01046,Talent pool,qualified,22,0.85,0,0,0,0,7590
EVT01047,REQ027,CAND01047,Job board,interview,27,0.86,0,0,0,0,2926
EVT01048,REQ027,CAND01048,LinkedIn,applied,1,0.89,0,0,0,0,5478
EVT01049,REQ027,CAND01049,Talent pool,qualified,20,0.77,0,0,0,0,9790
EVT01050,REQ027,CAND01050,Talent pool,applied,25,0.9,0,0,0,0,11418
EVT01051,REQ027,CAND01051,Recruiter outreach,submitted,14,0.71,0,0,0,0,6072
EVT01052,REQ027,CAND01052,Talent pool,applied,24,0.66,0,0,0,0,10604
EVT01053,REQ027,CAND01053,LinkedIn,qualified,1,0.63,0,0,0,0,9174
EVT01054,REQ027,CAND01054,Job board,qualified,4,0.66,0,0,0,0,3652
EVT01055,REQ027,CAND01055,Recruiter outreach,screened,22,0.75,0,0,0,0,6974
EVT01056,REQ027,CAND01056,Community event,applied,5,0.72,0,0,0,0,5170
EVT01057,REQ027,CAND01057,Referral,qualified,14,0.68,0,0,0,0,5170
EVT01058,REQ027,CAND01058,Recruiter outreach,qualified,30,0.93,0,0,0,0,7304
EVT01059,REQ027,CAND01059,Community event,screened,36,0.95,0,0,0,0,6996
EVT01060,REQ027,CAND01060,Talent pool,submitted,15,0.71,0,0,0,0,6644
EVT01061,REQ027,CAND01061,Talent pool,applied,37,0.63,0,0,0,0,8338
EVT01062,REQ028,CAND01062,LinkedIn,qualified,20,0.99,0,0,0,0,8190
EVT01063,REQ028,CAND01063,Job board,qualified,5,0.59,1,0,0,0,12215
EVT01064,REQ028,CAND01064,Referral,screened,2,0.98,0,0,0,0,9135
EVT01065,REQ028,CAND01065,Recruiter outreach,screened,4,0.99,0,0,0,0,8050
EVT01066,REQ028,CAND01066,LinkedIn,screened,16,0.98,0,0,0,0,6755
EVT01067,REQ028,CAND01067,Community event,submitted,24,0.73,0,0,0,1,6335
EVT01068,REQ028,CAND01068,Referral,submitted,19,0.9,0,0,0,0,7385
EVT01069,REQ028,CAND01069,Referral,submitted,12,0.82,0,0,0,1,16450
EVT01070,REQ028,CAND01070,Job board,qualified,11,0.65,0,0,0,1,11900
EVT01071,REQ028,CAND01071,Job board,interview,20,0.61,0,0,0,0,12285
EVT01072,REQ028,CAND01072,Job board,submitted,11,0.62,1,0,0,1,4200
EVT01073,REQ028,CAND01073,Job board,offer,18,0.74,1,0,1,0,5425
EVT01074,REQ028,CAND01074,LinkedIn,offer,21,0.96,0,0,0,0,14945
EVT01075,REQ028,CAND01075,LinkedIn,qualified,26,0.92,0,0,0,0,4725
EVT01076,REQ028,CAND01076,Recruiter outreach,screened,9,0.63,0,0,0,0,16415
EVT01077,REQ028,CAND01077,Job board,applied,10,0.97,0,0,0,0,15995
EVT01078,REQ028,CAND01078,LinkedIn,screened,11,0.64,0,0,0,0,12985
EVT01079,REQ028,CAND01079,Job board,applied,21,0.88,0,0,0,0,14770
EVT01080,REQ028,CAND01080,Job board,applied,17,0.8,0,0,0,0,17745
EVT01081,REQ028,CAND01081,LinkedIn,screened,13,0.75,0,0,0,0,10955
EVT01082,REQ028,CAND01082,Referral,applied,25,0.9,0,0,0,0,17990
EVT01083,REQ028,CAND01083,Referral,screened,23,0.96,0,0,1,0,13895
EVT01084,REQ028,CAND01084,LinkedIn,applied,11,0.98,1,1,0,0,5110
EVT01085,REQ028,CAND01085,Talent pool,submitted,21,0.87,0,0,0,0,8015
EVT01086,REQ028,CAND01086,Recruiter outreach,applied,6,0.82,0,0,1,0,15155
EVT01087,REQ028,CAND01087,Recruiter outreach,applied,7,0.86,0,0,0,1,10115
EVT01088,REQ028,CAND01088,Community event,placed,4,0.83,0,0,0,1,15330
EVT01089,REQ028,CAND01089,Recruiter outreach,screened,6,0.97,0,0,0,0,15890
EVT01090,REQ028,CAND01090,LinkedIn,submitted,6,0.92,0,0,0,0,12915
EVT01091,REQ028,CAND01091,Referral,applied,22,0.67,0,1,0,0,15610
EVT01092,REQ028,CAND01092,LinkedIn,applied,23,0.69,0,1,0,0,16380
EVT01093,REQ028,CAND01093,Talent pool,screened,24,0.63,0,0,0,0,7805
EVT01094,REQ028,CAND01094,Job board,offer,3,0.63,0,0,0,0,4865
EVT01095,REQ028,CAND01095,LinkedIn,submitted,14,0.89,0,0,0,0,12110
EVT01096,REQ028,CAND01096,Referral,screened,10,0.6,0,0,0,0,4445
EVT01097,REQ028,CAND01097,LinkedIn,offer,20,0.6,0,0,0,0,10990
EVT01098,REQ028,CAND01098,LinkedIn,applied,14,0.59,0,0,0,0,12075
EVT01099,REQ028,CAND01099,LinkedIn,applied,1,0.63,0,0,0,0,5355
EVT01100,REQ028,CAND01100,Job board,qualified,4,0.96,0,0,0,0,16450
EVT01101,REQ028,CAND01101,LinkedIn,applied,7,0.9,0,0,0,0,4830
EVT01102,REQ028,CAND01102,Referral,screened,9,0.87,0,0,0,0,11130
EVT01103,REQ028,CAND01103,Talent pool,qualified,14,0.78,0,0,0,0,6930
EVT01104,REQ028,CAND01104,Recruiter outreach,qualified,12,1.0,0,0,0,0,7070
EVT01105,REQ028,CAND01105,Referral,qualified,17,0.94,0,0,0,0,11375
EVT01106,REQ028,CAND01106,Job board,applied,14,0.77,0,0,0,0,11130
EVT01107,REQ028,CAND01107,LinkedIn,qualified,22,0.66,0,0,0,0,7665
EVT01108,REQ029,CAND01108,Talent pool,interview,13,0.74,0,0,0,0,13019
EVT01109,REQ029,CAND01109,LinkedIn,applied,19,0.75,0,0,0,0,10434
EVT01110,REQ029,CAND01110,Job board,applied,14,0.59,0,0,0,0,10575
EVT01111,REQ029,CAND01111,Talent pool,qualified,12,0.82,0,0,0,0,10387
EVT01112,REQ029,CAND01112,LinkedIn,applied,19,0.97,0,0,0,0,20351
EVT01113,REQ029,CAND01113,Job board,qualified,1,0.72,1,0,1,1,7802
EVT01114,REQ029,CAND01114,Recruiter outreach,qualified,11,0.84,0,0,0,0,13207
EVT01115,REQ029,CAND01115,Recruiter outreach,screened,17,0.65,0,0,0,0,9259
EVT01116,REQ029,CAND01116,Referral,applied,8,0.87,0,0,0,0,11609
EVT01117,REQ029,CAND01117,Talent pool,placed,12,0.78,0,0,0,0,17108
EVT01118,REQ029,CAND01118,Referral,applied,5,0.77,0,0,0,0,6110
EVT01119,REQ029,CAND01119,Recruiter outreach,placed,2,0.65,0,0,0,0,20633
EVT01120,REQ029,CAND01120,Job board,qualified,20,0.71,0,0,0,0,22748
EVT01121,REQ029,CAND01121,Talent pool,submitted,18,0.76,0,0,0,0,9682
EVT01122,REQ029,CAND01122,LinkedIn,qualified,10,0.96,0,0,0,1,6862
EVT01123,REQ029,CAND01123,Talent pool,screened,21,0.77,0,0,0,0,7567
EVT01124,REQ029,CAND01124,Referral,qualified,9,0.74,0,0,1,0,16920
EVT01125,REQ029,CAND01125,Referral,qualified,13,0.75,0,0,0,0,13865
EVT01126,REQ029,CAND01126,LinkedIn,applied,14,0.97,0,0,0,1,7661
EVT01127,REQ029,CAND01127,Recruiter outreach,submitted,3,0.68,0,0,1,0,9870
EVT01128,REQ029,CAND01128,LinkedIn,qualified,0,0.89,0,0,0,1,13818
EVT01129,REQ029,CAND01129,Job board,interview,10,0.91,0,0,0,0,8178
EVT01130,REQ029,CAND01130,Referral,screened,2,0.58,0,0,0,0,22137
EVT01131,REQ029,CAND01131,Referral,applied,6,0.88,0,0,0,0,17531
EVT01132,REQ029,CAND01132,LinkedIn,screened,5,0.79,0,0,0,1,7520
EVT01133,REQ029,CAND01133,LinkedIn,applied,2,0.66,0,0,0,0,13348
EVT01134,REQ029,CAND01134,LinkedIn,submitted,20,0.7,0,0,0,0,15886
EVT01135,REQ029,CAND01135,LinkedIn,applied,9,0.9,0,1,0,0,7191
EVT01136,REQ029,CAND01136,Job board,applied,21,0.9,0,1,0,0,22842
EVT01137,REQ029,CAND01137,Community event,qualified,21,0.83,0,0,0,0,7191
EVT01138,REQ029,CAND01138,Talent pool,screened,9,0.9,0,0,0,0,13160
EVT01139,REQ029,CAND01139,Talent pool,screened,14,0.72,0,0,0,0,15322
EVT01140,REQ029,CAND01140,Recruiter outreach,qualified,0,0.95,0,0,0,0,13254
EVT01141,REQ029,CAND01141,Recruiter outreach,qualified,5,0.64,0,0,0,0,10058
EVT01142,REQ029,CAND01142,Referral,applied,5,0.71,0,0,0,0,18847
EVT01143,REQ029,CAND01143,LinkedIn,applied,15,0.99,0,0,0,0,7050
EVT01144,REQ029,CAND01144,Referral,qualified,16,0.98,0,0,0,0,10810
EVT01145,REQ029,CAND01145,Referral,qualified,13,0.84,0,0,0,0,20022
EVT01146,REQ029,CAND01146,LinkedIn,applied,15,0.61,0,0,0,0,16356
EVT01147,REQ029,CAND01147,LinkedIn,qualified,20,0.96,0,0,0,0,17061
EVT01148,REQ029,CAND01148,Job board,submitted,10,0.91,0,0,0,0,19411
EVT01149,REQ029,CAND01149,LinkedIn,placed,15,0.95,0,0,0,0,13160
EVT01150,REQ029,CAND01150,Referral,qualified,19,0.96,0,0,1,0,23124
EVT01151,REQ029,CAND01151,Job board,applied,1,0.78,0,0,0,0,10998
EVT01152,REQ029,CAND01152,LinkedIn,screened,10,0.78,0,0,0,0,13160
EVT01153,REQ029,CAND01153,Job board,screened,3,0.7,0,0,0,0,7097
EVT01154,REQ029,CAND01154,LinkedIn,submitted,0,0.71,0,0,0,0,10528
EVT01155,REQ029,CAND01155,Referral,applied,4,0.77,0,0,1,0,14805
EVT01156,REQ029,CAND01156,Job board,screened,19,0.77,0,0,0,0,9541
EVT01157,REQ029,CAND01157,LinkedIn,screened,4,0.71,1,1,0,0,22936
EVT01158,REQ029,CAND01158,Referral,qualified,1,0.85,0,0,0,0,13395
EVT01159,REQ029,CAND01159,Job board,screened,2,0.97,0,1,0,0,8977
EVT01160,REQ029,CAND01160,Job board,applied,10,0.61,0,0,0,0,13865
EVT01161,REQ029,CAND01161,Job board,submitted,4,0.81,0,0,0,0,7755
EVT01162,REQ030,CAND01162,LinkedIn,applied,21,0.81,0,0,0,1,3796
EVT01163,REQ030,CAND01163,Talent pool,screened,4,0.79,0,1,0,0,7410
EVT01164,REQ030,CAND01164,Talent pool,qualified,22,0.87,0,0,0,1,10426
EVT01165,REQ030,CAND01165,LinkedIn,applied,2,0.82,1,0,0,0,8008
EVT01166,REQ030,CAND01166,Recruiter outreach,qualified,19,0.7,0,0,1,0,10504
EVT01167,REQ030,CAND01167,LinkedIn,qualified,8,0.74,0,0,0,0,11778
EVT01168,REQ030,CAND01168,Referral,applied,5,0.63,0,0,0,0,8268
EVT01169,REQ030,CAND01169,Talent pool,submitted,22,0.86,0,0,0,0,10998
EVT01170,REQ030,CAND01170,LinkedIn,submitted,8,0.67,1,0,0,0,3432
EVT01171,REQ030,CAND01171,LinkedIn,qualified,23,0.72,0,0,0,0,8320
EVT01172,REQ030,CAND01172,LinkedIn,screened,7,0.61,0,0,0,0,4524
EVT01173,REQ030,CAND01173,Recruiter outreach,interview,9,0.77,0,0,0,0,12818
EVT01174,REQ030,CAND01174,LinkedIn,screened,11,0.61,1,0,0,0,8658
EVT01175,REQ030,CAND01175,LinkedIn,screened,25,0.96,1,0,0,0,4706
EVT01176,REQ030,CAND01176,Talent pool,interview,0,0.63,0,1,0,0,12766
EVT01177,REQ030,CAND01177,Recruiter outreach,applied,15,0.61,0,0,0,0,12324
EVT01178,REQ030,CAND01178,Referral,applied,13,0.65,0,1,0,0,3276
EVT01179,REQ030,CAND01179,Referral,screened,15,0.67,0,0,0,0,6656
EVT01180,REQ030,CAND01180,LinkedIn,applied,20,0.6,0,0,0,1,10608
EVT01181,REQ030,CAND01181,Job board,submitted,1,0.7,0,0,0,0,4290
EVT01182,REQ030,CAND01182,Job board,screened,17,0.81,0,0,0,0,7384
EVT01183,REQ030,CAND01183,LinkedIn,submitted,9,0.64,0,0,0,0,12064
EVT01184,REQ030,CAND01184,Job board,submitted,4,0.72,0,0,0,0,7878
EVT01185,REQ030,CAND01185,Job board,screened,20,0.64,0,0,0,0,7644
EVT01186,REQ030,CAND01186,Recruiter outreach,screened,6,0.93,0,0,0,0,8372
EVT01187,REQ030,CAND01187,Job board,applied,0,0.69,0,0,0,0,10426
EVT01188,REQ030,CAND01188,LinkedIn,screened,23,0.93,0,0,0,0,8086
EVT01189,REQ030,CAND01189,Job board,screened,22,0.9,0,0,0,0,4524
EVT01190,REQ030,CAND01190,Talent pool,applied,25,0.99,0,0,0,0,4550
EVT01191,REQ030,CAND01191,Recruiter outreach,qualified,6,0.81,0,0,0,0,4394
EVT01192,REQ030,CAND01192,LinkedIn,offer,21,0.61,1,0,0,0,6474
EVT01193,REQ030,CAND01193,Referral,qualified,10,0.74,0,0,1,0,5876
EVT01194,REQ030,CAND01194,Job board,qualified,1,0.79,0,0,0,0,7774
EVT01195,REQ030,CAND01195,Talent pool,applied,22,0.83,0,0,0,1,7774
EVT01196,REQ030,CAND01196,Talent pool,offer,2,0.78,0,0,0,0,10348
EVT01197,REQ030,CAND01197,LinkedIn,applied,10,0.68,0,0,0,0,9360
EVT01198,REQ030,CAND01198,LinkedIn,applied,0,0.87,0,0,0,0,10998
EVT01199,REQ030,CAND01199,Talent pool,interview,22,0.82,0,0,0,0,10244
EVT01200,REQ030,CAND01200,Referral,screened,9,0.94,0,0,0,0,3640
EVT01201,REQ030,CAND01201,LinkedIn,applied,15,0.68,0,0,0,0,8268
EVT01202,REQ030,CAND01202,Recruiter outreach,submitted,10,0.94,0,0,0,0,10868
EVT01203,REQ030,CAND01203,LinkedIn,submitted,4,0.64,0,0,0,0,11154
EVT01204,REQ030,CAND01204,Job board,screened,22,0.73,0,0,1,0,10348
EVT01205,REQ030,CAND01205,Job board,applied,8,0.95,0,0,0,1,11960
EVT01206,REQ030,CAND01206,Job board,qualified,5,0.62,0,0,0,0,5590
EVT01207,REQ030,CAND01207,Job board,screened,25,0.86,0,0,0,1,10868
EVT01208,REQ030,CAND01208,Job board,qualified,0,0.74,0,0,0,0,9906
EVT01209,REQ030,CAND01209,Referral,submitted,4,0.71,0,0,1,0,6344
EVT01210,REQ030,CAND01210,Recruiter outreach,interview,12,0.81,0,0,0,1,11466
EVT01211,REQ030,CAND01211,Recruiter outreach,screened,2,0.78,0,0,0,0,4082
EVT01212,REQ031,CAND01212,Job board,applied,26,0.61,0,0,0,0,5115
EVT01213,REQ031,CAND01213,LinkedIn,applied,28,0.83,0,0,0,0,3525
EVT01214,REQ031,CAND01214,LinkedIn,submitted,40,0.65,0,0,0,0,6390
EVT01215,REQ031,CAND01215,Job board,qualified,9,0.9,0,0,0,0,2100
EVT01216,REQ031,CAND01216,Job board,qualified,34,0.83,0,0,0,0,4155
EVT01217,REQ031,CAND01217,Job board,interview,35,0.97,0,0,0,0,6435
EVT01218,REQ031,CAND01218,Talent pool,screened,34,0.8,0,0,0,0,6645
EVT01219,REQ031,CAND01219,Job board,applied,20,0.96,0,0,0,0,6135
EVT01220,REQ031,CAND01220,Community event,applied,38,0.76,0,0,0,0,6855
EVT01221,REQ031,CAND01221,Job board,applied,23,0.88,0,0,0,0,6045
EVT01222,REQ031,CAND01222,Talent pool,qualified,40,0.68,0,0,0,0,6390
EVT01223,REQ031,CAND01223,Recruiter outreach,submitted,30,0.88,0,0,0,0,6150
EVT01224,REQ031,CAND01224,LinkedIn,qualified,35,0.99,0,0,0,0,1815
EVT01225,REQ031,CAND01225,Recruiter outreach,applied,17,0.79,0,0,0,0,5025
EVT01226,REQ031,CAND01226,Referral,applied,24,0.71,0,0,0,0,2865
EVT01227,REQ031,CAND01227,LinkedIn,applied,35,0.8,0,1,0,0,2775
EVT01228,REQ031,CAND01228,Recruiter outreach,submitted,0,0.63,0,0,0,0,6585
EVT01229,REQ031,CAND01229,LinkedIn,screened,35,0.73,0,0,0,0,3615
EVT01230,REQ031,CAND01230,Job board,applied,13,0.81,0,0,0,0,1920
EVT01231,REQ031,CAND01231,Referral,offer,6,0.68,0,0,0,0,4920
EVT01232,REQ031,CAND01232,Job board,applied,15,0.86,0,0,0,0,5130
EVT01233,REQ031,CAND01233,Job board,screened,28,0.77,0,0,0,1,7470
EVT01234,REQ031,CAND01234,Recruiter outreach,interview,31,0.76,0,1,0,0,5820
EVT01235,REQ031,CAND01235,Referral,qualified,9,0.88,0,0,0,0,6405
EVT01236,REQ031,CAND01236,Talent pool,submitted,17,0.68,0,0,0,0,4020
EVT01237,REQ031,CAND01237,LinkedIn,interview,41,0.87,0,0,0,0,5265
EVT01238,REQ031,CAND01238,Referral,screened,28,0.96,0,0,1,0,2475
EVT01239,REQ031,CAND01239,LinkedIn,qualified,14,0.94,0,0,0,0,6750
EVT01240,REQ031,CAND01240,Job board,qualified,14,0.62,0,1,0,1,3015
EVT01241,REQ031,CAND01241,Talent pool,applied,18,0.64,1,0,0,0,5145
EVT01242,REQ031,CAND01242,Recruiter outreach,applied,5,0.84,0,0,0,0,6195
EVT01243,REQ031,CAND01243,Talent pool,screened,27,0.96,0,0,0,0,3600
EVT01244,REQ031,CAND01244,Community event,applied,11,0.8,0,0,0,0,7770
EVT01245,REQ031,CAND01245,Talent pool,qualified,0,0.72,0,0,0,0,3105
EVT01246,REQ031,CAND01246,Job board,submitted,3,0.78,1,0,0,0,2805
EVT01247,REQ031,CAND01247,Job board,applied,7,0.88,0,0,0,0,3030
EVT01248,REQ031,CAND01248,Talent pool,screened,31,0.86,0,0,1,0,4830
EVT01249,REQ031,CAND01249,Talent pool,screened,38,0.82,0,0,0,0,7545
EVT01250,REQ031,CAND01250,LinkedIn,qualified,2,0.67,0,0,0,0,6405
EVT01251,REQ031,CAND01251,Recruiter outreach,placed,1,0.71,0,0,0,0,3315
EVT01252,REQ031,CAND01252,LinkedIn,submitted,8,0.85,0,0,0,0,4110
EVT01253,REQ031,CAND01253,LinkedIn,qualified,29,0.74,0,0,0,0,3360
EVT01254,REQ032,CAND01254,Community event,applied,47,0.6,0,0,0,0,10382
EVT01255,REQ032,CAND01255,Recruiter outreach,interview,70,0.78,0,0,0,0,10585
EVT01256,REQ032,CAND01256,LinkedIn,applied,71,0.69,0,0,1,0,3828
EVT01257,REQ032,CAND01257,Talent pool,qualified,44,0.84,0,0,0,0,7685
EVT01258,REQ032,CAND01258,Recruiter outreach,qualified,65,0.6,0,0,0,0,15051
EVT01259,REQ032,CAND01259,Talent pool,screened,42,0.86,0,0,0,0,10005
EVT01260,REQ032,CAND01260,Talent pool,submitted,35,0.75,0,0,0,0,4089
EVT01261,REQ032,CAND01261,Referral,applied,19,0.76,0,0,0,0,11890
EVT01262,REQ032,CAND01262,Recruiter outreach,applied,61,0.91,1,1,0,0,6728
EVT01263,REQ032,CAND01263,Community event,qualified,43,0.84,0,0,1,0,8990
EVT01264,REQ032,CAND01264,Community event,interview,42,0.85,0,0,0,0,8323
EVT01265,REQ032,CAND01265,Talent pool,qualified,31,0.68,0,0,0,0,3799
EVT01266,REQ032,CAND01266,LinkedIn,qualified,6,0.98,0,0,0,0,7917
EVT01267,REQ032,CAND01267,LinkedIn,submitted,31,0.78,0,0,0,0,5742
EVT01268,REQ032,CAND01268,Talent pool,interview,38,0.61,0,0,0,0,5887
EVT01269,REQ032,CAND01269,Recruiter outreach,screened,51,0.92,0,0,0,1,5742
EVT01270,REQ032,CAND01270,Community event,qualified,62,0.97,0,0,0,0,9338
EVT01271,REQ032,CAND01271,Job board,screened,20,0.83,0,0,0,0,12267
EVT01272,REQ032,CAND01272,Referral,qualified,63,0.96,0,0,1,0,13833
EVT01273,REQ032,CAND01273,Community event,screened,46,0.87,1,0,0,0,13862
EVT01274,REQ032,CAND01274,Job board,qualified,74,0.61,1,0,0,1,4060
EVT01275,REQ032,CAND01275,Recruiter outreach,screened,13,0.69,0,0,0,0,7801
EVT01276,REQ032,CAND01276,Job board,screened,33,0.65,0,0,1,0,14993
EVT01277,REQ032,CAND01277,Referral,screened,20,0.87,0,0,1,0,10179
EVT01278,REQ032,CAND01278,Job board,qualified,30,0.91,0,0,0,0,8062
EVT01279,REQ032,CAND01279,LinkedIn,screened,15,0.64,0,0,1,1,10121
EVT01280,REQ032,CAND01280,Talent pool,applied,61,0.76,0,0,0,0,5278
EVT01281,REQ032,CAND01281,Talent pool,interview,60,0.86,0,0,0,0,8874
EVT01282,REQ032,CAND01282,LinkedIn,applied,23,0.92,0,1,0,0,10353
EVT01283,REQ032,CAND01283,Job board,screened,54,0.86,0,0,0,0,14616
EVT01284,REQ032,CAND01284,Talent pool,screened,62,0.95,1,0,0,0,8439
EVT01285,REQ032,CAND01285,Recruiter outreach,applied,23,0.76,0,0,0,0,14906
EVT01286,REQ032,CAND01286,LinkedIn,applied,64,0.66,0,0,0,0,5655
EVT01287,REQ032,CAND01287,Talent pool,qualified,75,0.84,0,0,0,0,12557
EVT01288,REQ032,CAND01288,Talent pool,applied,37,0.81,0,1,0,0,14674
EVT01289,REQ032,CAND01289,LinkedIn,qualified,53,0.97,1,0,0,1,12499
EVT01290,REQ032,CAND01290,Recruiter outreach,screened,4,0.92,0,0,0,0,13398
EVT01291,REQ032,CAND01291,LinkedIn,interview,57,0.68,0,0,1,0,3509
EVT01292,REQ033,CAND01292,Referral,applied,0,0.79,0,0,0,0,11880
EVT01293,REQ033,CAND01293,Talent pool,submitted,6,0.8,0,0,0,0,9648
EVT01294,REQ033,CAND01294,Referral,applied,17,0.86,0,0,0,0,3048
EVT01295,REQ033,CAND01295,Referral,screened,23,0.89,0,0,1,0,4944
EVT01296,REQ033,CAND01296,Talent pool,screened,3,0.9,0,0,0,0,6408
EVT01297,REQ033,CAND01297,Job board,qualified,27,0.97,0,1,0,0,5808
EVT01298,REQ033,CAND01298,Talent pool,applied,10,0.63,0,0,0,0,12288
EVT01299,REQ033,CAND01299,Job board,submitted,11,0.91,0,0,0,0,7200
EVT01300,REQ033,CAND01300,Recruiter outreach,applied,25,0.99,0,0,1,0,12288
EVT01301,REQ033,CAND01301,Referral,applied,15,1.0,0,0,0,0,12168
EVT01302,REQ033,CAND01302,Referral,screened,24,0.92,0,0,0,0,5472
EVT01303,REQ033,CAND01303,Job board,applied,23,0.68,0,0,0,0,10944
EVT01304,REQ033,CAND01304,Talent pool,offer,28,0.6,0,0,0,0,8424
EVT01305,REQ033,CAND01305,Job board,applied,23,0.93,1,0,0,0,6744
EVT01306,REQ033,CAND01306,Referral,interview,4,0.78,0,0,0,0,9672
EVT01307,REQ033,CAND01307,Talent pool,placed,10,0.68,0,0,1,0,9456
EVT01308,REQ033,CAND01308,LinkedIn,submitted,4,0.87,0,1,0,0,7536
EVT01309,REQ033,CAND01309,LinkedIn,placed,15,0.71,0,0,0,0,6552
EVT01310,REQ033,CAND01310,Referral,qualified,16,0.83,0,0,0,0,4104
EVT01311,REQ033,CAND01311,Referral,qualified,6,0.82,0,0,0,0,3840
EVT01312,REQ033,CAND01312,LinkedIn,applied,25,0.88,0,0,0,0,9960
EVT01313,REQ033,CAND01313,Job board,interview,1,0.71,0,0,0,0,8040
EVT01314,REQ033,CAND01314,LinkedIn,applied,0,0.62,0,0,0,0,8736
EVT01315,REQ033,CAND01315,Recruiter outreach,applied,28,0.91,0,0,0,0,3864
EVT01316,REQ033,CAND01316,LinkedIn,qualified,15,0.67,0,0,0,0,11568
EVT01317,REQ033,CAND01317,Talent pool,applied,21,0.8,0,0,0,0,6216
EVT01318,REQ033,CAND01318,Talent pool,screened,19,0.86,0,0,0,0,5232
EVT01319,REQ033,CAND01319,LinkedIn,submitted,8,0.68,0,0,0,0,4392
EVT01320,REQ033,CAND01320,LinkedIn,screened,23,0.69,0,1,0,0,4440
EVT01321,REQ033,CAND01321,Recruiter outreach,screened,7,1.0,0,0,0,0,12024
EVT01322,REQ033,CAND01322,Referral,applied,0,0.85,0,0,0,0,11688
EVT01323,REQ033,CAND01323,Talent pool,applied,20,0.91,0,0,0,0,7392
EVT01324,REQ033,CAND01324,Job board,qualified,20,0.64,0,0,0,0,7656
EVT01325,REQ033,CAND01325,Recruiter outreach,qualified,13,0.6,0,0,0,0,2904
EVT01326,REQ033,CAND01326,LinkedIn,qualified,6,0.75,0,0,0,0,6408
EVT01327,REQ033,CAND01327,LinkedIn,applied,18,0.77,0,1,0,0,6600
EVT01328,REQ033,CAND01328,Job board,screened,5,0.78,0,0,0,0,8256
EVT01329,REQ034,CAND01329,Talent pool,applied,41,0.97,0,0,0,0,6160
EVT01330,REQ034,CAND01330,LinkedIn,applied,19,0.89,0,0,0,0,4550
EVT01331,REQ034,CAND01331,Community event,applied,42,0.97,0,0,0,0,15190
EVT01332,REQ034,CAND01332,Recruiter outreach,screened,1,0.72,0,0,0,1,16555
EVT01333,REQ034,CAND01333,Job board,submitted,46,0.9,0,0,0,0,8680
EVT01334,REQ034,CAND01334,LinkedIn,screened,36,0.73,0,0,0,0,10990
EVT01335,REQ034,CAND01335,LinkedIn,qualified,15,0.8,0,1,0,0,13020
EVT01336,REQ034,CAND01336,Community event,applied,26,0.94,1,0,0,0,7840
EVT01337,REQ034,CAND01337,Job board,qualified,45,0.64,0,0,0,0,17395
EVT01338,REQ034,CAND01338,LinkedIn,applied,17,0.85,1,1,0,0,12250
EVT01339,REQ034,CAND01339,Referral,interview,38,0.81,0,0,1,0,15470
EVT01340,REQ034,CAND01340,LinkedIn,offer,46,0.58,0,0,0,0,12950
EVT01341,REQ034,CAND01341,LinkedIn,submitted,36,0.7,0,0,1,0,11830
EVT01342,REQ034,CAND01342,Recruiter outreach,screened,40,0.82,0,0,0,0,16135
EVT01343,REQ034,CAND01343,LinkedIn,applied,13,0.66,0,0,0,0,9485
EVT01344,REQ034,CAND01344,Talent pool,qualified,13,0.73,0,0,0,0,17745
EVT01345,REQ034,CAND01345,LinkedIn,interview,30,0.74,0,0,1,0,7245
EVT01346,REQ034,CAND01346,Job board,qualified,13,0.61,0,0,1,0,11620
EVT01347,REQ034,CAND01347,LinkedIn,applied,43,0.8,0,0,0,0,14770
EVT01348,REQ034,CAND01348,Recruiter outreach,interview,34,0.86,0,0,0,0,8050
EVT01349,REQ034,CAND01349,Job board,offer,13,0.97,0,0,0,0,18025
EVT01350,REQ034,CAND01350,LinkedIn,submitted,37,0.63,0,0,0,1,16625
EVT01351,REQ034,CAND01351,Referral,applied,25,0.96,0,0,0,0,14595
EVT01352,REQ034,CAND01352,Recruiter outreach,screened,15,0.96,1,0,0,0,13300
EVT01353,REQ034,CAND01353,Job board,interview,5,0.69,0,0,1,0,10150
EVT01354,REQ034,CAND01354,Recruiter outreach,screened,50,0.67,1,0,0,0,15575
EVT01355,REQ034,CAND01355,LinkedIn,applied,48,0.72,0,0,0,1,7140
EVT01356,REQ034,CAND01356,Community event,screened,42,0.87,0,1,1,1,17150
EVT01357,REQ034,CAND01357,LinkedIn,applied,12,0.78,0,0,0,1,5950
EVT01358,REQ034,CAND01358,Recruiter outreach,qualified,1,0.88,0,1,0,0,10500
EVT01359,REQ034,CAND01359,Talent pool,qualified,10,0.62,0,0,0,0,6825
EVT01360,REQ034,CAND01360,Job board,screened,11,0.93,0,0,0,1,9345
EVT01361,REQ034,CAND01361,Talent pool,qualified,2,0.83,0,0,0,0,4235
EVT01362,REQ034,CAND01362,Recruiter outreach,screened,17,0.8,0,0,1,0,11445
EVT01363,REQ034,CAND01363,LinkedIn,qualified,23,0.86,0,0,0,0,10745
EVT01364,REQ034,CAND01364,LinkedIn,qualified,30,0.6,0,0,0,1,7910
EVT01365,REQ034,CAND01365,Job board,applied,49,0.84,0,0,0,0,15575
EVT01366,REQ034,CAND01366,Recruiter outreach,offer,7,0.94,0,0,1,0,8715
EVT01367,REQ034,CAND01367,LinkedIn,submitted,16,0.98,0,0,1,0,15715
EVT01368,REQ034,CAND01368,Recruiter outreach,applied,48,0.66,0,0,0,0,15785
EVT01369,REQ034,CAND01369,LinkedIn,applied,18,0.88,0,1,0,0,13545
EVT01370,REQ034,CAND01370,Talent pool,screened,26,0.9,0,0,0,0,6510
EVT01371,REQ034,CAND01371,Talent pool,qualified,5,0.77,0,0,0,0,4900
EVT01372,REQ034,CAND01372,LinkedIn,submitted,48,0.7,0,0,0,0,4935
EVT01373,REQ034,CAND01373,Talent pool,applied,12,0.98,0,0,0,0,17255
EVT01374,REQ034,CAND01374,Referral,applied,36,0.98,0,0,0,0,13685
EVT01375,REQ034,CAND01375,Recruiter outreach,qualified,32,0.8,0,0,0,0,9135
EVT01376,REQ034,CAND01376,Community event,qualified,2,0.7,0,0,1,0,15645
EVT01377,REQ034,CAND01377,Recruiter outreach,applied,22,0.66,0,0,0,0,13615
EVT01378,REQ034,CAND01378,LinkedIn,applied,6,0.62,0,0,0,0,16940
EVT01379,REQ034,CAND01379,Job board,screened,12,0.68,0,0,0,0,5810
EVT01380,REQ034,CAND01380,LinkedIn,screened,26,0.94,0,0,0,0,17150
EVT01381,REQ035,CAND01381,Recruiter outreach,offer,24,0.62,0,0,0,0,14288
EVT01382,REQ035,CAND01382,Talent pool,interview,13,0.92,0,0,1,0,5130
EVT01383,REQ035,CAND01383,LinkedIn,screened,0,0.68,0,0,0,0,11894
EVT01384,REQ035,CAND01384,Talent pool,qualified,26,0.97,0,0,0,0,16606
EVT01385,REQ035,CAND01385,Job board,screened,38,0.61,0,0,0,1,6954
EVT01386,REQ035,CAND01386,Talent pool,interview,33,0.78,0,0,0,0,5054
EVT01387,REQ035,CAND01387,Talent pool,screened,38,0.83,0,0,0,0,7410
EVT01388,REQ035,CAND01388,Job board,applied,44,0.89,0,0,1,0,18772
EVT01389,REQ035,CAND01389,Job board,applied,21,0.68,0,0,0,0,12236
EVT01390,REQ035,CAND01390,Community event,qualified,27,0.91,0,0,1,0,4902
EVT01391,REQ035,CAND01391,Recruiter outreach,offer,25,0.95,0,1,0,0,6270
EVT01392,REQ035,CAND01392,Talent pool,submitted,13,0.62,0,0,1,0,7942
EVT01393,REQ035,CAND01393,LinkedIn,submitted,27,0.82,0,1,0,0,13984
EVT01394,REQ035,CAND01394,Job board,screened,33,0.93,0,0,0,0,10184
EVT01395,REQ035,CAND01395,Referral,submitted,28,0.91,0,0,1,0,11210
EVT01396,REQ035,CAND01396,Job board,applied,2,0.67,0,0,0,0,17100
EVT01397,REQ035,CAND01397,Talent pool,qualified,38,0.93,1,0,0,0,14402
EVT01398,REQ035,CAND01398,Job board,qualified,1,0.88,0,0,0,0,13338
EVT01399,REQ035,CAND01399,Job board,placed,40,0.76,0,0,0,0,16682
EVT01400,REQ035,CAND01400,LinkedIn,screened,38,0.89,0,0,0,0,17708
EVT01401,REQ035,CAND01401,Community event,screened,23,0.82,0,0,0,0,16948
EVT01402,REQ035,CAND01402,LinkedIn,offer,19,0.82,0,0,1,0,8322
EVT01403,REQ035,CAND01403,Recruiter outreach,offer,9,0.91,0,0,0,0,12920
EVT01404,REQ035,CAND01404,Job board,qualified,30,0.65,0,0,0,0,16986
EVT01405,REQ035,CAND01405,Talent pool,applied,19,0.82,0,1,0,0,18620
EVT01406,REQ035,CAND01406,Job board,applied,33,0.64,0,0,0,0,15466
EVT01407,REQ036,CAND01407,Recruiter outreach,applied,7,0.99,0,1,0,0,12825
EVT01408,REQ036,CAND01408,Job board,screened,22,0.81,1,0,0,0,5265
EVT01409,REQ036,CAND01409,LinkedIn,qualified,4,0.97,0,0,0,0,6210
EVT01410,REQ036,CAND01410,Job board,applied,12,0.92,0,0,0,0,7560
EVT01411,REQ036,CAND01411,Community event,screened,34,0.64,0,0,0,0,11340
EVT01412,REQ036,CAND01412,LinkedIn,submitted,10,0.78,0,0,0,1,6318
EVT01413,REQ036,CAND01413,Talent pool,applied,3,0.63,0,0,0,0,13770
EVT01414,REQ036,CAND01414,LinkedIn,qualified,1,0.6,0,0,0,0,4131
EVT01415,REQ036,CAND01415,Referral,qualified,20,0.6,0,0,0,1,8856
EVT01416,REQ036,CAND01416,Recruiter outreach,submitted,9,0.6,0,0,0,0,8316
EVT01417,REQ036,CAND01417,LinkedIn,applied,10,0.6,1,0,0,0,9423
EVT01418,REQ036,CAND01418,Talent pool,interview,1,0.81,0,0,0,0,4509
EVT01419,REQ036,CAND01419,Job board,submitted,10,0.82,0,0,0,1,11556
EVT01420,REQ036,CAND01420,Talent pool,applied,12,0.66,1,0,0,0,9504
EVT01421,REQ036,CAND01421,Recruiter outreach,applied,22,0.96,0,0,0,0,8775
EVT01422,REQ036,CAND01422,Job board,applied,10,0.86,0,1,0,0,4320
EVT01423,REQ036,CAND01423,Referral,screened,20,0.64,0,0,0,0,10071
EVT01424,REQ036,CAND01424,Community event,screened,34,0.7,0,0,0,0,6885
EVT01425,REQ036,CAND01425,Talent pool,screened,18,0.79,0,0,0,0,4536
EVT01426,REQ036,CAND01426,LinkedIn,qualified,25,0.78,1,0,0,0,4725
EVT01427,REQ036,CAND01427,Recruiter outreach,interview,4,0.59,0,0,0,0,5454
EVT01428,REQ036,CAND01428,Recruiter outreach,screened,12,0.69,0,0,0,0,9018
EVT01429,REQ036,CAND01429,Job board,applied,14,0.9,0,0,0,0,6426
EVT01430,REQ036,CAND01430,Job board,interview,20,0.75,0,0,0,0,7911
EVT01431,REQ036,CAND01431,Talent pool,applied,27,0.75,0,1,0,0,4860
EVT01432,REQ036,CAND01432,Talent pool,qualified,9,0.94,0,0,0,0,3429
EVT01433,REQ036,CAND01433,Referral,qualified,22,0.72,0,0,0,0,5427
EVT01434,REQ036,CAND01434,Job board,applied,28,0.97,0,0,0,0,12717
EVT01435,REQ036,CAND01435,Job board,applied,8,0.72,0,0,0,0,8721
EVT01436,REQ036,CAND01436,Talent pool,offer,15,0.76,0,0,0,0,11637
EVT01437,REQ036,CAND01437,Talent pool,screened,21,0.92,0,0,0,0,11583
EVT01438,REQ036,CAND01438,LinkedIn,screened,16,0.79,0,0,0,0,7263
EVT01439,REQ036,CAND01439,LinkedIn,screened,4,0.85,0,0,0,0,7155
EVT01440,REQ036,CAND01440,Job board,qualified,28,0.62,0,0,0,1,5697
EVT01441,REQ036,CAND01441,Job board,applied,11,0.59,0,0,0,0,11745
EVT01442,REQ036,CAND01442,LinkedIn,qualified,29,0.79,0,0,0,0,10584
EVT01443,REQ036,CAND01443,Job board,qualified,9,0.93,0,0,0,0,5022
EVT01444,REQ036,CAND01444,Job board,qualified,33,0.58,0,0,0,0,12123
EVT01445,REQ036,CAND01445,Job board,applied,23,0.9,0,1,0,1,8613
EVT01446,REQ036,CAND01446,Job board,qualified,17,0.96,0,0,1,0,5670
EVT01447,REQ036,CAND01447,LinkedIn,submitted,25,0.66,0,0,0,0,8100
EVT01448,REQ036,CAND01448,Job board,submitted,17,0.91,0,0,0,0,6291
EVT01449,REQ036,CAND01449,LinkedIn,interview,10,0.69,0,0,0,0,12690
EVT01450,REQ036,CAND01450,LinkedIn,screened,21,0.74,0,0,0,0,11178
EVT01451,REQ036,CAND01451,Recruiter outreach,applied,23,0.62,0,0,0,0,10206
EVT01452,REQ036,CAND01452,Talent pool,applied,24,0.98,0,1,0,0,10962
EVT01453,REQ036,CAND01453,Job board,qualified,0,0.66,0,0,0,0,11907
EVT01454,REQ036,CAND01454,Recruiter outreach,screened,30,0.83,0,0,0,0,5508
EVT01455,REQ037,CAND01455,Recruiter outreach,applied,46,0.67,0,0,0,1,6648
EVT01456,REQ037,CAND01456,LinkedIn,applied,22,0.73,0,0,0,0,5496
EVT01457,REQ037,CAND01457,Job board,submitted,40,0.6,0,0,0,0,10488
EVT01458,REQ037,CAND01458,Recruiter outreach,applied,11,0.59,0,0,0,0,7224
EVT01459,REQ037,CAND01459,LinkedIn,applied,7,0.83,0,0,0,0,4488
EVT01460,REQ037,CAND01460,Referral,submitted,44,0.75,0,0,0,0,4560
EVT01461,REQ037,CAND01461,Job board,offer,64,0.75,0,0,0,0,12144
EVT01462,REQ037,CAND01462,Job board,qualified,43,0.99,0,0,0,0,11088
EVT01463,REQ037,CAND01463,Talent pool,applied,36,0.65,0,0,0,0,4440
EVT01464,REQ037,CAND01464,Job board,qualified,3,0.64,0,0,0,0,2952
EVT01465,REQ037,CAND01465,Referral,interview,29,0.61,0,0,0,0,5784
EVT01466,REQ037,CAND01466,Recruiter outreach,applied,8,0.67,0,0,0,0,6840
EVT01467,REQ037,CAND01467,Referral,qualified,12,0.7,0,0,0,0,6360
EVT01468,REQ037,CAND01468,Job board,interview,63,0.98,0,0,0,0,11352
EVT01469,REQ037,CAND01469,LinkedIn,placed,52,0.64,0,0,0,0,2952
EVT01470,REQ037,CAND01470,Recruiter outreach,applied,8,0.8,0,0,0,0,4992
EVT01471,REQ037,CAND01471,Recruiter outreach,screened,18,0.95,0,0,0,0,10800
EVT01472,REQ037,CAND01472,LinkedIn,applied,31,0.75,0,0,1,1,8880
EVT01473,REQ037,CAND01473,Talent pool,applied,66,0.88,0,1,0,0,11040
EVT01474,REQ037,CAND01474,Talent pool,qualified,46,0.82,0,0,0,0,6144
EVT01475,REQ037,CAND01475,LinkedIn,qualified,65,0.92,0,0,0,0,11088
EVT01476,REQ037,CAND01476,LinkedIn,submitted,23,0.88,0,0,0,1,4344
EVT01477,REQ037,CAND01477,LinkedIn,screened,27,0.97,0,0,0,0,10920
EVT01478,REQ037,CAND01478,LinkedIn,screened,27,0.89,0,1,0,0,4968
EVT01479,REQ037,CAND01479,Talent pool,offer,30,0.81,0,0,0,0,4632
EVT01480,REQ038,CAND01480,LinkedIn,interview,34,0.67,0,0,0,0,13736
EVT01481,REQ038,CAND01481,LinkedIn,offer,31,0.67,0,0,0,0,10914
EVT01482,REQ038,CAND01482,Recruiter outreach,applied,49,0.79,0,0,0,0,16524
EVT01483,REQ038,CAND01483,LinkedIn,submitted,11,0.82,0,0,0,0,11730
EVT01484,REQ038,CAND01484,Referral,applied,31,0.88,0,0,0,0,7786
EVT01485,REQ038,CAND01485,Recruiter outreach,qualified,15,0.63,0,0,0,0,4556
EVT01486,REQ038,CAND01486,Talent pool,submitted,55,0.6,0,0,0,0,7344
EVT01487,REQ038,CAND01487,Recruiter outreach,applied,56,0.78,0,0,0,0,12818
EVT01488,REQ038,CAND01488,Job board,qualified,23,0.86,0,0,0,0,10268
EVT01489,REQ038,CAND01489,Talent pool,applied,52,0.9,0,1,0,0,7582
EVT01490,REQ038,CAND01490,Community event,applied,50,0.82,0,0,0,0,5984
EVT01491,REQ038,CAND01491,LinkedIn,qualified,59,0.94,0,0,0,0,4454
EVT01492,REQ038,CAND01492,Talent pool,submitted,42,0.59,0,0,0,0,9350
EVT01493,REQ038,CAND01493,LinkedIn,applied,58,0.58,0,0,0,0,11288
EVT01494,REQ038,CAND01494,Referral,placed,25,0.6,0,0,0,0,6698
EVT01495,REQ038,CAND01495,Referral,submitted,26,0.78,0,0,0,0,15572
EVT01496,REQ038,CAND01496,Referral,applied,6,0.63,0,0,0,0,7208
EVT01497,REQ038,CAND01497,Job board,applied,33,0.9,1,0,0,0,8398
EVT01498,REQ038,CAND01498,Job board,applied,21,0.67,0,1,0,0,4284
EVT01499,REQ038,CAND01499,Job board,screened,48,0.91,0,0,0,0,7140
EVT01500,REQ038,CAND01500,LinkedIn,applied,21,0.94,0,0,0,0,14110
EVT01501,REQ038,CAND01501,Community event,screened,37,0.66,0,0,0,0,10438
EVT01502,REQ038,CAND01502,LinkedIn,placed,0,0.92,0,0,0,0,7786
EVT01503,REQ038,CAND01503,Job board,screened,49,0.62,0,0,0,0,11968
EVT01504,REQ038,CAND01504,LinkedIn,applied,19,0.9,0,0,0,0,6324
EVT01505,REQ038,CAND01505,Referral,applied,30,0.97,0,0,0,1,11424
EVT01506,REQ038,CAND01506,Job board,applied,39,0.61,0,0,0,0,16592
EVT01507,REQ038,CAND01507,Referral,submitted,55,0.7,0,0,0,0,15368
EVT01508,REQ038,CAND01508,Referral,offer,40,0.85,0,0,0,0,7922
EVT01509,REQ038,CAND01509,Recruiter outreach,screened,57,0.75,1,1,1,0,12716
EVT01510,REQ038,CAND01510,Talent pool,screened,23,0.77,0,0,0,0,15844
EVT01511,REQ039,CAND01511,LinkedIn,placed,6,0.64,0,0,0,0,6944
EVT01512,REQ039,CAND01512,Referral,qualified,7,0.6,1,1,0,0,3724
EVT01513,REQ039,CAND01513,Talent pool,submitted,5,0.79,0,0,0,0,9408
EVT01514,REQ039,CAND01514,Job board,qualified,9,0.83,0,0,0,0,13664
EVT01515,REQ039,CAND01515,LinkedIn,applied,6,0.68,0,0,0,0,9968
EVT01516,REQ039,CAND01516,LinkedIn,screened,17,0.79,0,0,0,0,6216
EVT01517,REQ039,CAND01517,LinkedIn,submitted,34,0.94,0,1,0,0,13048
EVT01518,REQ039,CAND01518,Job board,qualified,0,0.72,0,0,1,0,12964
EVT01519,REQ039,CAND01519,Talent pool,submitted,16,0.93,0,0,0,0,8988
EVT01520,REQ039,CAND01520,LinkedIn,qualified,30,0.59,0,1,0,0,4172
EVT01521,REQ039,CAND01521,Job board,placed,48,0.61,0,0,0,0,5012
EVT01522,REQ039,CAND01522,Job board,applied,41,0.69,0,0,0,1,6720
EVT01523,REQ039,CAND01523,Recruiter outreach,screened,40,0.87,0,0,0,0,11564
EVT01524,REQ039,CAND01524,LinkedIn,applied,39,0.84,0,1,0,1,3892
EVT01525,REQ039,CAND01525,LinkedIn,submitted,38,0.8,0,0,0,0,10416
EVT01526,REQ039,CAND01526,Talent pool,screened,24,0.83,0,0,0,0,14084
EVT01527,REQ039,CAND01527,Job board,applied,3,0.78,0,0,0,0,11536
EVT01528,REQ039,CAND01528,LinkedIn,applied,32,0.86,0,0,0,0,11872
EVT01529,REQ039,CAND01529,Job board,applied,16,0.65,0,0,0,1,9520
EVT01530,REQ039,CAND01530,Community event,submitted,34,0.93,0,0,0,0,4872
EVT01531,REQ039,CAND01531,Referral,applied,40,0.69,0,0,1,0,11172
EVT01532,REQ039,CAND01532,Talent pool,offer,38,0.79,0,0,0,0,14532
EVT01533,REQ039,CAND01533,Recruiter outreach,screened,34,0.79,0,0,0,1,11760
EVT01534,REQ039,CAND01534,Recruiter outreach,offer,25,0.96,0,0,0,0,7700
EVT01535,REQ039,CAND01535,LinkedIn,qualified,47,0.97,0,0,0,0,11536
EVT01536,REQ039,CAND01536,Community event,placed,1,0.69,0,0,0,1,4004
EVT01537,REQ039,CAND01537,LinkedIn,qualified,36,0.62,0,0,0,0,11872
EVT01538,REQ039,CAND01538,Talent pool,qualified,37,0.69,0,0,0,0,5712
EVT01539,REQ039,CAND01539,Job board,screened,42,0.97,0,0,0,0,10192
EVT01540,REQ039,CAND01540,Referral,screened,50,0.62,1,0,0,0,11676
EVT01541,REQ039,CAND01541,LinkedIn,qualified,18,0.86,1,0,0,0,13244
EVT01542,REQ039,CAND01542,LinkedIn,screened,42,0.86,0,0,0,0,9044
EVT01543,REQ039,CAND01543,Talent pool,applied,39,0.74,0,0,0,0,11172
EVT01544,REQ039,CAND01544,LinkedIn,applied,4,0.77,0,1,0,0,5544
EVT01545,REQ039,CAND01545,Referral,screened,40,0.75,0,0,0,0,11116
EVT01546,REQ039,CAND01546,Referral,screened,25,0.8,0,0,0,0,10528
EVT01547,REQ039,CAND01547,Referral,applied,48,0.8,0,0,0,0,11984
EVT01548,REQ039,CAND01548,Job board,screened,7,0.83,0,1,0,0,14196
EVT01549,REQ039,CAND01549,LinkedIn,placed,13,0.88,0,0,0,0,4900
EVT01550,REQ039,CAND01550,Job board,applied,16,0.71,0,1,0,0,10668
EVT01551,REQ039,CAND01551,LinkedIn,applied,17,0.9,0,1,0,0,10444
EVT01552,REQ039,CAND01552,LinkedIn,applied,18,0.69,0,0,1,0,11480
EVT01553,REQ039,CAND01553,Recruiter outreach,qualified,4,0.9,0,0,0,0,5152
EVT01554,REQ039,CAND01554,Job board,screened,46,0.58,0,0,0,0,9100
EVT01555,REQ039,CAND01555,Job board,qualified,6,0.91,0,0,0,0,8036
EVT01556,REQ039,CAND01556,Recruiter outreach,screened,34,0.84,0,0,0,0,6916
EVT01557,REQ039,CAND01557,Job board,screened,36,0.71,0,0,0,0,4648
EVT01558,REQ039,CAND01558,Job board,qualified,8,0.88,0,0,0,0,13076
EVT01559,REQ040,CAND01559,Talent pool,applied,44,0.6,0,0,0,0,5162
EVT01560,REQ040,CAND01560,Referral,applied,35,0.92,0,1,0,0,6554
EVT01561,REQ040,CAND01561,LinkedIn,qualified,20,0.74,0,0,0,0,4292
EVT01562,REQ040,CAND01562,Referral,qualified,19,0.8,1,0,0,0,12093
EVT01563,REQ040,CAND01563,Referral,applied,35,0.84,0,0,0,0,9860
EVT01564,REQ040,CAND01564,Referral,qualified,19,0.71,0,0,1,0,8874
EVT01565,REQ040,CAND01565,Job board,qualified,20,0.99,0,1,0,0,6322
EVT01566,REQ040,CAND01566,Recruiter outreach,submitted,25,0.95,1,0,0,0,5394
EVT01567,REQ040,CAND01567,LinkedIn,interview,21,0.83,0,0,0,0,8613
EVT01568,REQ040,CAND01568,Referral,applied,11,0.64,0,0,0,0,6148
EVT01569,REQ040,CAND01569,Talent pool,offer,25,0.64,0,0,0,0,8149
EVT01570,REQ040,CAND01570,Job board,screened,23,0.96,0,0,0,1,10933
EVT01571,REQ040,CAND01571,LinkedIn,submitted,34,0.59,0,0,0,1,10498
EVT01572,REQ040,CAND01572,Community event,screened,5,0.65,0,0,0,0,12296
EVT01573,REQ040,CAND01573,LinkedIn,interview,8,1.0,0,0,0,0,9541
EVT01574,REQ040,CAND01574,Recruiter outreach,submitted,10,0.6,0,0,0,0,11310
EVT01575,REQ040,CAND01575,Talent pool,applied,24,0.94,0,0,0,0,11368
EVT01576,REQ040,CAND01576,Job board,applied,32,0.65,0,0,0,0,5365
EVT01577,REQ040,CAND01577,Job board,applied,17,0.6,0,0,0,0,13514
EVT01578,REQ040,CAND01578,LinkedIn,offer,12,0.94,0,0,0,0,4611
EVT01579,REQ040,CAND01579,Recruiter outreach,applied,39,0.9,0,0,0,0,14326
EVT01580,REQ040,CAND01580,Talent pool,placed,25,0.9,0,0,0,0,7076
EVT01581,REQ040,CAND01581,Talent pool,screened,35,0.81,0,0,0,0,13630
EVT01582,REQ040,CAND01582,Referral,applied,4,0.83,0,0,0,1,9222
EVT01583,REQ040,CAND01583,Recruiter outreach,offer,14,0.72,0,0,0,0,11571
EVT01584,REQ040,CAND01584,LinkedIn,qualified,0,0.6,0,0,0,0,13862
EVT01585,REQ040,CAND01585,Talent pool,submitted,18,0.8,0,0,0,0,4466
EVT01586,REQ040,CAND01586,LinkedIn,submitted,16,0.69,0,0,0,0,4263
EVT01587,REQ040,CAND01587,LinkedIn,submitted,13,0.77,0,0,0,0,11658
EVT01588,REQ041,CAND01588,Talent pool,applied,76,0.63,0,0,0,0,11426
EVT01589,REQ041,CAND01589,Job board,qualified,72,0.82,0,0,0,0,12180
EVT01590,REQ041,CAND01590,Talent pool,qualified,40,0.78,0,0,0,0,13891
EVT01591,REQ041,CAND01591,Job board,applied,4,0.92,0,0,0,0,14297
EVT01592,REQ041,CAND01592,Job board,placed,26,0.93,0,0,0,0,13108
EVT01593,REQ041,CAND01593,Job board,applied,14,0.99,0,0,0,0,13253
EVT01594,REQ041,CAND01594,Referral,screened,22,0.8,0,0,0,0,11107
EVT01595,REQ041,CAND01595,Talent pool,interview,14,0.59,0,0,0,1,6873
EVT01596,REQ041,CAND01596,Referral,applied,5,0.96,0,0,0,0,11020
EVT01597,REQ041,CAND01597,Job board,submitted,15,0.58,0,0,0,0,4698
EVT01598,REQ041,CAND01598,LinkedIn,submitted,70,0.7,0,0,1,0,8207
EVT01599,REQ041,CAND01599,Talent pool,screened,53,0.91,0,0,1,0,14848
EVT01600,REQ041,CAND01600,Talent pool,interview,12,0.59,0,0,0,0,6409
EVT01601,REQ041,CAND01601,Community event,submitted,35,0.98,0,0,0,1,14500
EVT01602,REQ041,CAND01602,Job board,screened,49,0.76,0,1,0,0,4843
EVT01603,REQ041,CAND01603,Recruiter outreach,applied,28,0.99,0,0,0,0,3480
EVT01604,REQ041,CAND01604,Job board,submitted,79,0.78,0,0,0,0,11223
EVT01605,REQ041,CAND01605,LinkedIn,screened,70,0.64,0,0,0,0,11397
EVT01606,REQ041,CAND01606,Job board,submitted,29,0.81,0,0,0,1,11745
EVT01607,REQ041,CAND01607,Recruiter outreach,screened,62,0.91,0,0,0,0,4553
EVT01608,REQ041,CAND01608,LinkedIn,qualified,58,0.96,0,0,0,1,3799
EVT01609,REQ041,CAND01609,LinkedIn,screened,45,0.77,1,0,0,0,12847
EVT01610,REQ041,CAND01610,Job board,qualified,0,0.9,0,0,0,1,11948
EVT01611,REQ041,CAND01611,LinkedIn,qualified,15,0.77,0,0,0,0,10237
EVT01612,REQ041,CAND01612,Referral,applied,9,0.62,0,0,0,0,13456
EVT01613,REQ041,CAND01613,Talent pool,submitted,17,0.76,0,0,0,0,6090
EVT01614,REQ041,CAND01614,Job board,applied,33,0.88,0,0,1,1,8903
EVT01615,REQ042,CAND01615,Referral,interview,5,0.71,0,0,0,0,17646
EVT01616,REQ042,CAND01616,Referral,qualified,0,0.88,0,0,0,0,4386
EVT01617,REQ042,CAND01617,Referral,offer,35,0.98,0,0,0,0,12070
EVT01618,REQ042,CAND01618,Recruiter outreach,applied,71,0.84,0,0,0,0,16626
EVT01619,REQ042,CAND01619,LinkedIn,interview,66,0.66,0,0,0,0,16048
EVT01620,REQ042,CAND01620,Job board,applied,69,0.97,0,0,1,0,17510
EVT01621,REQ042,CAND01621,Job board,qualified,7,0.62,0,0,0,0,14076
EVT01622,REQ042,CAND01622,Referral,qualified,11,0.71,0,0,0,0,11492
EVT01623,REQ042,CAND01623,Recruiter outreach,applied,6,0.92,0,0,0,0,6426
EVT01624,REQ042,CAND01624,Referral,applied,61,0.69,0,0,0,1,16252
EVT01625,REQ042,CAND01625,Talent pool,submitted,37,0.68,0,0,0,0,15300
EVT01626,REQ042,CAND01626,Job board,applied,52,0.72,0,0,0,0,14416
EVT01627,REQ042,CAND01627,Community event,applied,65,0.97,0,0,0,0,12308
EVT01628,REQ042,CAND01628,LinkedIn,applied,4,0.69,0,0,0,0,4862
EVT01629,REQ042,CAND01629,Talent pool,applied,37,0.67,0,0,0,1,16728
EVT01630,REQ042,CAND01630,LinkedIn,qualified,53,0.8,0,0,0,0,11118
EVT01631,REQ042,CAND01631,Community event,interview,28,1.0,0,0,0,0,8432
EVT01632,REQ042,CAND01632,Recruiter outreach,interview,29,0.74,0,0,0,0,15028
EVT01633,REQ042,CAND01633,LinkedIn,offer,56,0.97,0,0,0,1,16320
EVT01634,REQ042,CAND01634,LinkedIn,applied,26,0.82,0,0,0,0,16762
EVT01635,REQ042,CAND01635,Job board,submitted,63,0.84,0,0,0,0,9452
EVT01636,REQ042,CAND01636,Talent pool,submitted,12,0.77,0,0,1,1,12886
EVT01637,REQ042,CAND01637,Referral,offer,56,0.87,0,1,0,0,4998
EVT01638,REQ042,CAND01638,LinkedIn,screened,40,0.92,0,0,0,0,8738
EVT01639,REQ042,CAND01639,Referral,screened,56,0.96,0,1,1,0,13906
EVT01640,REQ042,CAND01640,Community event,qualified,6,0.61,1,0,0,0,5984
EVT01641,REQ042,CAND01641,Recruiter outreach,qualified,75,0.69,0,0,0,0,15096
EVT01642,REQ042,CAND01642,LinkedIn,interview,56,0.88,0,1,0,1,6324
EVT01643,REQ042,CAND01643,Job board,qualified,3,0.96,0,0,0,0,15674
EVT01644,REQ042,CAND01644,Referral,submitted,38,0.9,1,0,0,0,4284
EVT01645,REQ042,CAND01645,Recruiter outreach,applied,27,0.76,0,0,0,1,12886
EVT01646,REQ042,CAND01646,Community event,screened,12,0.98,0,0,0,0,15436
